Date,PC1,PC2
2018-01-02,0.18359018080877285,-0.07530025393986686
2018-01-03,0.038014576636947926,-0.00341213705837513
2018-01-04,0.028746124195089463,0.023230481011388818
2018-01-05,0.1878455880876373,0.1639834277088197
2018-01-06,0.22094220275181434,0.10619680177365978
2018-01-07,0.08369359917562093,0.1062604035345693
2018-01-08,-0.165122924247358,-0.05609046406775085
2018-01-09,-0.025608322345480897,-0.1236427683023745
2018-01-10,-0.011740361744050054,-0.017532821051161086
2018-01-11,-0.2039822159463575,-0.03716223973458793
2018-01-12,0.1514782976915866,0.06070047767827554
2018-01-13,0.10887449785844018,-0.06607339385739154
2018-01-14,-0.12756094478868574,-0.05309851786639439
2018-01-15,-0.1266219055413495,-0.12032420742328724
2018-01-16,-0.48306010739766364,-0.14709140242342053
2018-01-17,0.02082598288755574,0.12099995264600416
2018-01-18,0.06091697095036366,0.01363758781396897
2018-01-19,0.0006770466322507348,-0.013663437852694638
2018-01-20,0.18407120776206803,-0.022929061383972122
2018-01-21,-0.23471811409428012,-0.061010673283127155
2018-01-22,-0.10728014580629736,-0.004743764173722636
2018-01-23,-0.022400341842565518,0.0034088922485122357
2018-01-24,0.09243395687083375,0.01485117913382474
2018-01-25,0.03570817828408757,0.07131128841571308
2018-01-26,-0.042921214559470955,-0.04174153462177867
2018-01-27,0.05765110707042955,-0.011822146794353713
2018-01-28,0.1197467537293172,-0.056595456775503664
2018-01-29,-0.11499393776187448,-0.013167706998784943
2018-01-30,-0.22191107194388685,-0.040541465905200996
2018-01-31,0.020234951647918043,-0.015367212703107608
2018-02-01,-0.2487753663288712,-0.0646795038526947
2018-02-02,-0.18310629917305066,-0.025950729781346948
2018-02-03,0.22418703217462418,0.039971037490973055
2018-02-04,-0.24161663355948604,-0.04380591764429469
2018-02-05,-0.366349627428986,-0.04256364216508717
2018-02-06,0.29003693165428657,0.0772442620849612
2018-02-07,-0.05753577282864109,0.01751553788112715
2018-02-08,0.14781260113593792,-0.013402887792120111
2018-02-09,0.16044910279559949,0.013421678849959706
2018-02-10,-0.049301530388682846,0.026163132850185743
2018-02-11,-0.07976335320100499,0.038487437839788904
2018-02-12,0.1664911686956279,0.021033485893356792
2018-02-13,-0.02141922832098035,0.04716565067918162
2018-02-14,0.33634713899313157,0.016761528810437475
2018-02-15,0.10981284571659108,0.04138299788575389
2018-02-16,-0.0031286173740506,-0.04733139953876247
2018-02-17,0.04983196892133959,-0.024222105073368597
2018-02-18,-0.1290496945089089,-0.0327237130562149
2018-02-19,0.07596767242539985,0.006765739553779558
2018-02-20,0.031130559587068913,0.05288362584791103
2018-02-21,-0.13916195561705072,-0.007421913300545419
2018-02-22,-0.12403120933684168,0.012163408585446097
2018-02-23,0.11301958463423895,0.0049205560788965225
2018-02-24,-0.05864639922763284,-0.023486495334373327
2018-02-25,0.010786490923862468,-0.03876897528926667
2018-02-26,0.06093764958597774,0.003128193808442688
2018-02-27,0.004817239054817443,-0.01057210219178615
2018-02-28,-0.08455113890467948,-0.0030085364280541473
2018-03-01,0.06624249699523987,0.0012613815875766128
2018-03-02,-0.059198634945277925,-0.10836852901518783
2018-03-03,-0.006612100232188134,-0.033208781856948366
2018-03-04,0.03374732584936361,0.02407991245586858
2018-03-05,-0.03872590508418945,-0.03750453863167727
2018-03-06,-0.15297654470761993,-0.05595157855718845
2018-03-07,-0.17369935707688874,-0.056209793476961485
2018-03-08,-0.08706668232077021,0.050946608842025384
2018-03-09,0.06305248437094661,-0.001870645673582859
2018-03-10,-0.10200546507658122,0.01007657367518979
2018-03-11,0.1218501470525576,-0.0010496529473928984
2018-03-12,-0.08706854892000851,-7.6162215655022e-05
2018-03-13,-0.023586531464623018,-0.006246610004193162
2018-03-14,-0.21128811562359703,-0.012345364430531627
2018-03-15,0.01244669737666492,-0.0017570099299297056
2018-03-16,-0.006660228069107788,-0.002994823112628288
2018-03-17,-0.1399021383128619,0.010092088221171152
2018-03-18,-0.010724831428495282,-0.029303030379714236
2018-03-19,0.09984417265240297,0.031301245243751885
2018-03-20,0.06921069450196446,0.03149366594583896
2018-03-21,0.007277836989379794,-0.0012209893757899595
2018-03-22,-0.06613480328884934,-0.0029377217368720576
2018-03-23,0.02561304784514984,-0.002517890239354059
2018-03-24,-0.04605290029420555,0.03609801466742949
2018-03-25,-0.020310539274141354,-0.01563197648289775
2018-03-26,-0.12002200999444833,-0.003192066887025888
2018-03-27,-0.1381762180562074,0.028773239732740607
2018-03-28,-0.015229132190050225,0.008243436842854628
2018-03-29,-0.24823690531400025,0.022124798099654796
2018-03-30,0.0034774263015229004,-0.029211752055706513
2018-03-31,0.008295159048446858,0.018891457786336642
2018-04-01,-0.0548835109302462,-0.008303862176843528
2018-04-02,0.05710693259103912,0.0015370476250409024
2018-04-03,0.15913513007975685,-0.016905185567567368
2018-04-04,-0.18891333032129057,0.023709967074224885
2018-04-05,-0.005220690778381587,-0.020198703305908
2018-04-06,-0.06503177306423968,0.018842418225421324
2018-04-07,0.0769460007718224,0.012214198649602468
2018-04-08,0.04136947616717218,-0.007251322732765024
2018-04-09,-0.044070537722900975,-0.00829607808101644
2018-04-10,0.06928687752116337,0.07055653983892841
2018-04-11,0.10249746994972334,0.06789141506207066
2018-04-12,0.2276548704294318,-0.0012893812086875235
2018-04-13,0.00838826410348022,0.0535329790668611
2018-04-14,0.03740364284790673,0.022815886164757743
2018-04-15,0.12122095971921946,0.0420753478108381
2018-04-16,-0.048196734224873965,0.03199343500147724
2018-04-17,0.02015513768297963,0.02920773574028494
2018-04-18,0.13041239678339248,0.07778242330099928
2018-04-19,0.10962609543867727,0.020195622901028318
2018-04-20,0.10915234207190058,-0.048627029457453765
2018-04-21,-0.0725948091726102,-0.05541769867209072
2018-04-22,0.01374872433776849,0.017490066330714107
2018-04-23,0.03873888792752915,-0.0336665626606108
2018-04-24,0.16055110870077297,-0.026413531965481813
2018-04-25,-0.25112292133562686,-0.00436750022761938
2018-04-26,0.1419531381120142,0.03354261853965417
2018-04-27,-0.07266032054673432,-0.0013560600234729502
2018-04-28,0.06333038424453646,-0.04981656564972547
2018-04-29,0.02166175438625208,0.010082983055847062
2018-04-30,-0.06431109684048306,-0.016217277923714267
2018-05-01,-0.008383172241928407,-0.009826524522901439
2018-05-02,0.039816267058793244,0.006330921303654525
2018-05-03,0.1576157742217512,-0.01463694409216237
2018-05-04,-0.006722589954016603,-0.07356579393529611
2018-05-05,0.04728451728087111,-0.04615149403335579
2018-05-06,-0.06326587503890799,-0.010692877398479158
2018-05-07,-0.07646189642290603,0.009004024018914293
2018-05-08,0.0236542013444947,0.0967281512237063
2018-05-09,-0.025140803735429318,-0.031371013669436405
2018-05-10,-0.07817171359592244,-0.006429291646043644
2018-05-11,-0.16759878054363317,-0.030990556295267365
2018-05-12,0.039816642401113635,0.007316067569351052
2018-05-13,0.040385887056234845,-0.06190460952977162
2018-05-14,0.024553637027573346,0.021537723457233506
2018-05-15,-0.04936747452272195,0.04260430130793505
2018-05-16,-0.024761064869059903,-0.01923623298425903
2018-05-17,-0.0889262702510125,-0.0010257908867776244
2018-05-18,0.017781954059238627,-0.05778814660304684
2018-05-19,0.031097140598464926,0.05723870573863852
2018-05-20,0.06068628897724835,0.0026053604610723168
2018-05-21,-0.05459771016936788,-0.008344780112866969
2018-05-22,-0.13488601289439076,-0.04006957926942476
2018-05-23,-0.1567696180852625,0.011266614542024834
2018-05-24,0.02040275291398392,-0.041558717646280836
2018-05-25,-0.031184921861878868,0.023659555168494682
2018-05-26,-0.018619248774552042,-0.006219297274498872
2018-05-27,-0.019312407521147323,-0.00012624209524735453
2018-05-28,-0.12839784645116323,0.008250978837321406
2018-05-29,0.13726003628888564,-0.006260193426209935
2018-05-30,-0.03036042687149607,-0.01019447340348239
2018-05-31,0.031046824026440982,-0.0030333775902882053
2018-06-01,0.017320197474364033,-0.00045285717929913205
2018-06-02,0.05115647106631284,0.016006997680688275
2018-06-03,0.05559925648964832,0.009488919580542687
2018-06-04,-0.0798192828892217,-0.003821669450103872
2018-06-05,0.0463134317812893,0.012843044347818524
2018-06-06,0.01497633675373332,0.033440560058782744
2018-06-07,-0.00621855645000329,-0.012282003878327676
2018-06-08,-0.02204915890485643,-0.009532072092520355
2018-06-09,-0.027665795705678217,-0.0049098929464898204
2018-06-10,-0.22233026356049426,-0.011269858018677786
2018-06-11,0.02485808037186482,0.005199946660342795
2018-06-12,-0.11550374547309358,0.01443379230616673
2018-06-13,-0.1190815638625158,-0.03788763815013337
2018-06-14,0.12773741445911668,-0.022483515887012435
2018-06-15,-0.07571838326943471,0.02774393924037271
2018-06-16,0.01957235914732944,-0.013025384099231565
2018-06-17,-0.014143598857473492,-0.0005902049093140866
2018-06-18,0.07543441534740944,0.01765775402180633
2018-06-19,0.022752787999661166,-0.011494438877799912
2018-06-20,-0.007616956214428347,0.0005125699059548639
2018-06-21,-0.022858225601718258,0.0014758520816032963
2018-06-22,-0.23495135993360822,0.004695064453353702
2018-06-23,-0.00592512571401786,-0.00861036023859825
2018-06-24,-0.05581386727729031,-0.024639154995370022
2018-06-25,0.010581462041693631,-0.016483471356260517
2018-06-26,-0.0786386979277772,0.04323446657832782
2018-06-27,0.03453545643534258,-0.03797305936443421
2018-06-28,-0.09861032123954618,0.018056144022644934
2018-06-29,0.08051640359260838,-0.010510640273548146
2018-06-30,0.0677058053986344,-0.0047753765515632235
2018-07-01,-0.011986730107337258,0.002718144038931238
2018-07-02,0.11368054360140258,0.030773908545548512
2018-07-03,-0.030593934667900613,-0.009160002243727742
2018-07-04,0.018539716960766076,0.008390093727723707
2018-07-05,-0.015666547901976188,-0.02652200802370988
2018-07-06,-0.0008917925374953857,0.00044632930054729287
2018-07-07,0.05831621363693349,-0.01173342017313722
2018-07-08,-0.038712209537679745,0.006943417065001813
2018-07-09,-0.02718897317685149,0.01338366806418837
2018-07-10,-0.1462941449100851,-0.0027233108847396015
2018-07-11,0.040657487469884734,-0.016152590363143326
2018-07-12,-0.06871734405087444,-0.017473587091907352
2018-07-13,0.012378426778486452,0.006195182975432041
2018-07-14,0.010133540357399426,0.009541764791203269
2018-07-15,0.041765730145229316,-0.014885220089584093
2018-07-16,0.1878771059004945,0.10238368468111606
2018-07-17,0.15014534055268072,0.05837947786190488
2018-07-18,0.03267260781842016,0.1442433380698963
2018-07-19,0.00894989108124313,0.03717474075661671
2018-07-20,-0.11280980466813154,-0.0721109506842508
2018-07-21,0.008047159385610523,-0.05261767396180488
2018-07-22,0.016323756253259582,0.055656123346899636
2018-07-23,-0.0029461863405104436,-0.004700239047124188
2018-07-24,0.13965244209038116,-0.01592568964169238
2018-07-25,-0.04878338795556935,0.002948607992264156
2018-07-26,-0.056939412811712185,-0.017083467148119133
2018-07-27,0.024036173398779233,-0.00420566501887955
2018-07-28,-0.009572562585110045,0.00028893156717795085
2018-07-29,-0.009365387372063284,-0.025612269995948636
2018-07-30,-0.02585140581644893,0.0041147736868171044
2018-07-31,-0.12162442991045501,-0.05118202174728959
2018-08-01,-0.0020235683823071307,0.08324106466794888
2018-08-02,-0.060299290625704334,-0.04526737181891525
2018-08-03,0.0057015680737404,-0.014357699307771324
2018-08-04,-0.09854527336002042,-0.014894092330574236
2018-08-05,0.03346946710664266,0.019657101112126193
2018-08-06,-0.02689655696651158,-0.007949314618628849
2018-08-07,-0.11135815391915066,0.01937386651414991
2018-08-08,-0.15969915160249565,-0.024802347406886107
2018-08-09,0.07118896000732379,0.025439524832165286
2018-08-10,-0.1456945639688497,0.008937300174525398
2018-08-11,-0.01918047043136575,0.019323441080286375
2018-08-12,0.006990703983008464,-0.002475460141695292
2018-08-13,-0.09825991061159152,0.025433758841134777
2018-08-14,-0.058301216814788316,-0.0016084079739932607
2018-08-15,0.02271055336835944,0.009376749332133543
2018-08-16,0.018925689354880672,-0.016092248245236484
2018-08-17,0.1570105485154588,-0.010971385274192528
2018-08-18,-0.09601944248786935,0.027493255813815138
2018-08-19,0.03700345671157707,0.01675902858240563
2018-08-20,-0.12150975169403674,0.022626917459540544
2018-08-21,0.06137575826776294,-0.007519939054830898
2018-08-22,-0.06017675282094421,-0.016973701612697147
2018-08-23,0.058090848190668135,0.0023394343729911085
2018-08-24,0.03500795112341801,0.0003552359025453599
2018-08-25,-0.015136104852509803,-0.016772536563960282
2018-08-26,-0.009934472318803364,0.023053748000749098
2018-08-27,0.06995872676624239,-0.011776000702620934
2018-08-28,0.08590835820027737,0.017540777621645458
2018-08-29,-0.02681324433813437,0.016108641928873076
2018-08-30,0.0767134244606299,0.19528514171168604
2018-08-31,0.2165415612936066,0.3407155260256951
2018-09-01,0.200943960110593,0.19603391804588413
2018-09-02,-0.1128356367336247,-0.19645314716926135
2018-09-03,0.013919299719633044,0.0532724631274688
2018-09-04,0.019155833635764535,-0.007915744414460774
2018-09-05,-0.2565688219916986,0.0751768423315756
2018-09-06,-0.02170658113270765,0.03026491659561449
2018-09-07,-0.0182938332200089,0.07933197031815199
2018-09-08,-0.05934283398538359,0.11719759799601573
2018-09-09,0.031450614974473434,0.011299202921120126
2018-09-10,0.08269976666356776,0.1461327174182523
2018-09-11,-0.09904451304087389,-0.03868576969452149
2018-09-12,-0.0004160933087951008,0.023942195346914167
2018-09-13,0.12396512831690505,-0.05727125566764511
2018-09-14,-0.00787523104877087,-0.06178236715122603
2018-09-15,0.030085077221695528,-0.021462315810203077
2018-09-16,0.02402645879600395,0.05379258706600403
2018-09-17,-0.13954191297950136,0.030833039481375592
2018-09-18,0.032492577237075056,-0.06887880165176695
2018-09-19,-0.02745519095220853,-0.05724804608988159
2018-09-20,0.07424163050772105,-0.02590623841503851
2018-09-21,0.10075591909363345,-0.06100677932640803
2018-09-22,-0.00990775989120616,0.022243548768740757
2018-09-23,0.02877351537193771,0.011999915708220019
2018-09-24,-0.09245126841750152,0.010407817561442328
2018-09-25,-0.036542747456721175,0.024644962322044224
2018-09-26,-0.0036724907955820382,0.00537296319435956
2018-09-27,0.10895263322714331,-0.024936615331324304
2018-09-28,-0.029655504184076607,0.008974500486550328
2018-09-29,0.019727111786079415,-0.006018780544652075
2018-09-30,0.003875917245354816,0.0062365131408144816
2018-10-01,-0.012083234180277676,0.014550695534341246
2018-10-02,-0.02464009236235533,-0.00788697274510209
2018-10-03,-0.050219017813547775,0.0058408209591724256
2018-10-04,0.011599709022596926,-0.017616630806652697
2018-10-05,0.02261496963347392,-0.008049628473860558
2018-10-06,-0.027298158149476483,-0.00909379872095381
2018-10-07,0.008160601406897793,-0.0004608353723948034
2018-10-08,0.023908106864444483,-0.009637298832833072
2018-10-09,-0.004655516440908568,0.015047751672310395
2018-10-10,-0.02262773491290696,-0.003492345858101186
2018-10-11,-0.23401482887690425,0.018003912447271963
2018-10-12,0.06991093853903943,0.015453580286519652
2018-10-13,0.0022210053028366684,-0.015593327257512158
2018-10-14,-0.025937176860405815,0.010710840735125387
2018-10-15,0.08985490753870809,-0.038042027548992906
2018-10-16,-0.026381926808996158,-0.0297764006232576
2018-10-17,-0.057916611240200165,-0.06598169029224793
2018-10-18,-0.049029413199164165,-0.025727067976842464
2018-10-19,0.015247498783357284,0.013858446645524998
2018-10-20,0.01878269169809131,0.010491844027632757
2018-10-21,-0.009181957674157916,-0.0027984432472705606
2018-10-22,-0.026586279534265834,-0.023198441737539585
2018-10-23,-0.018644868786472733,-0.04091461322362278
2018-10-24,-0.03206153970934599,-0.05508375392907265
2018-10-25,-0.03209270689214033,-0.03941455961145088
2018-10-26,0.0349595451490529,0.060332213743875956
2018-10-27,0.026933753007531373,0.04444955033345188
2018-10-28,-0.012105765346987906,-0.029375071594201715
2018-10-29,-0.08935088495625783,-0.011061054192655205
2018-10-30,0.00358124634855208,-0.00043800967173305975
2018-10-31,-0.010144924846190392,-0.019441908714433884
2018-11-01,0.01913418131071856,-0.005987565380542817
2018-11-02,0.0167284023936981,-0.01002051841335743
2018-11-03,-0.011712619476591522,-0.005021141746102325
2018-11-04,0.04058888453986812,-0.04078035367172538
2018-11-05,-0.0008211958937862756,-0.016006271435777618
2018-11-06,0.0605351118282446,-0.011578921720728821
2018-11-07,-0.024040290698227072,-0.004073902297087814
2018-11-08,-0.07137539231769774,-0.04140468538749156
2018-11-09,-0.051665798502822644,-0.05588732679119571
2018-11-10,0.03588016702075416,0.03190378686047179
2018-11-11,-0.03252653868825064,-0.024714584856493037
2018-11-12,-0.027923542623483472,-0.019812213014513084
2018-11-13,-0.039726389435144276,-0.02178834405812511
2018-11-14,-0.22737202644074508,0.02888078220990196
2018-11-15,0.015484180404948571,0.03562741401520717
2018-11-16,-0.050420349398059686,0.007502980906029821
2018-11-17,-0.03984483520735557,-0.04163067492089288
2018-11-18,0.029033093197939525,0.004972121889317408
2018-11-19,-0.27296091616665086,0.05493068962043404
2018-11-20,-0.19995422041406355,0.03555676322855687
2018-11-21,0.1068079984471553,0.034427391302073236
2018-11-22,-0.1096613061817328,0.046737967598737225
2018-11-23,-0.02712824629274261,-0.007281580943902385
2018-11-24,-0.17244259740392956,0.028895077595633388
2018-11-25,0.05721604996309442,-0.03314274927429385
2018-11-26,-0.11711262288404997,0.0036711863297685774
2018-11-27,0.040408842847175365,-0.028287194684463238
2018-11-28,0.19760119108422092,-0.027185490067838915
2018-11-29,-0.03378353905273045,0.01900688446858507
2018-11-30,-0.09160468274953915,0.012125181132463875
2018-12-01,0.10194385915310089,-0.01259248291949336
2018-12-02,-0.02812961842908661,0.01469887589057554
2018-12-03,-0.07778175829456407,0.1070134419656969
2018-12-04,-0.02303910271855229,-0.07428905320672992
2018-12-05,-0.09787338436876658,0.0487111738976812
2018-12-06,-0.1498591896304218,0.04313649919927853
2018-12-07,-0.036357025401114816,0.02243033331780295
2018-12-08,-0.004762109204819591,0.012901023346047279
2018-12-09,0.05241549566548661,-0.03847325413587635
2018-12-10,-0.0615454156460293,0.03448967511525551
2018-12-11,-0.046362852580313696,0.020649349590448854
2018-12-12,0.038722187317898456,-0.008543578440483555
2018-12-13,-0.07452970385612864,0.017800541840652148
2018-12-14,-0.02591231521663537,0.018647137053410073
2018-12-15,0.01816190933227504,0.014111708588122591
2018-12-16,0.050972950307071004,-0.020786276893541754
2018-12-17,0.25505732758090527,0.057238917464805666
2018-12-18,0.0946562545586785,0.012300283307203291
2018-12-19,0.004775195344194227,0.013361760030168581
2018-12-20,0.1710444029171929,-0.09367383264126385
2018-12-21,-0.12553805083643252,-0.00903489560987386
2018-12-22,0.056778873103710846,-0.05269264958837852
2018-12-23,0.09408599836531871,-0.03915892901917414
2018-12-24,0.04079217920599248,-0.026231878575933624
2018-12-25,-0.13043114166784478,0.012150977349092994
2018-12-26,0.024646820117046414,0.019185262470630345
2018-12-27,-0.15984534782975718,0.041940666929672105
2018-12-28,0.20877201183474017,-0.08773477146935871
2018-12-29,-0.03172968882891371,0.0025762444856482166
2018-12-30,0.011865334770963376,-0.02342051532065798
2018-12-31,-0.06916220994392339,0.030215295179234204
2019-01-01,0.07646877208677717,-0.021376974641255427
2019-01-02,0.08961642909677428,-0.04605128691001542
2019-01-03,-0.06498641480292223,0.015259853816546971
2019-01-04,0.018543689354765115,-0.03327424696607714
2019-01-05,0.04511144223099957,-0.022057538120824522
2019-01-06,0.09815454605766279,-0.04746635624734087
2019-01-07,-0.05622307233928281,0.012040745236986157
2019-01-08,0.018185417469641876,-0.012946066048623655
2019-01-09,-0.0067668687204306965,-0.0008288165831529299
2019-01-10,-0.22980282713448147,0.06359573181011301
2019-01-11,-0.0295546733536554,0.015546032579655754
2019-01-12,-0.0037475418247175946,0.013452920534178304
2019-01-13,-0.10035897887433244,0.02999319472436288
2019-01-14,0.1265583500100485,-0.02569917060254643
2019-01-15,-0.06918034153519724,0.0030711222038014327
2019-01-16,0.021480926356194134,0.002890336325597533
2019-01-17,-0.005403662597237375,-0.019953944487157392
2019-01-18,-0.02103400991703623,0.019795759030964623
2019-01-19,0.05576234906000746,-0.005731218135453806
2019-01-20,-0.06748371030161436,0.020939229037080218
2019-01-21,-0.016462331321959636,0.0010028321128915051
2019-01-22,0.008510959588704018,-0.028579099177710267
2019-01-23,-0.005541843423819672,-0.003456988458134158
2019-01-24,0.013972565580389397,-0.008900720933039888
2019-01-25,0.018144491032114983,0.03456081634551506
2019-01-26,-0.0042954694419304355,-0.015924974501726703
2019-01-27,-0.03891382606928342,-0.007661448909721967
2019-01-28,-0.09057964585926379,0.005367384455671781
2019-01-29,-0.01339959591281255,-0.0015738261534075947
2019-01-30,0.044551495382039515,-0.005189863705524996
2019-01-31,-0.02610151820497219,-0.0053300192434186985
2019-02-01,0.02441450363903159,-0.01789808307842871
2019-02-02,0.04890032838153444,-0.015283294296506877
2019-02-03,-0.04444757798283759,0.0071195523299999106
2019-02-04,0.010280916032561316,-0.009812818837058973
2019-02-05,-0.00036448354780340775,-0.003637580732851632
2019-02-06,-0.04607148777135487,0.013409575607826702
2019-02-07,-0.004078217210270267,-0.009774736768316786
2019-02-08,0.2787014517110841,-0.0898697507579329
2019-02-09,0.016400279726152094,-0.012236600855081606
2019-02-10,0.049673833578048755,-0.030445649443242337
2019-02-11,-0.0745067356370977,0.01879364579571102
2019-02-12,0.01281222073865343,-0.013982193118491918
2019-02-13,-0.02719787693519454,0.014608913507474957
2019-02-14,-0.01006607822362056,0.009031414789811254
2019-02-15,0.020667007740099157,-0.004201778483206601
2019-02-16,0.02201917384360183,-0.0022247998312348504
2019-02-17,0.06957744042976235,-0.0022497299984629462
2019-02-18,0.15282800836276506,-0.018627102427826406
2019-02-19,-0.012382245384923826,-0.017663167904012886
2019-02-20,0.06731009705232482,-0.030479051034740797
2019-02-21,-0.05780621971226878,0.004874197711865081
2019-02-22,0.030404518604254752,-0.0011513233175462901
2019-02-23,0.07443944114441702,-0.027941368144685206
2019-02-24,-0.2236596378149686,0.06842440666846411
2019-02-25,0.05588247801998423,0.0008712652402221386
2019-02-26,-0.01964838377317847,0.008004184623712897
2019-02-27,-0.0074805460085257255,0.003372465095487277
2019-02-28,0.0003598786280070013,-0.024162758131786758
2019-03-01,0.018949001032482114,0.000961970389327885
2019-03-02,0.011832514936199313,0.000526469186005072
2019-03-03,-0.017452551129427677,0.00866548685151845
2019-03-04,-0.054016458959483656,0.021836116519724273
2019-03-05,0.13012209635398136,-0.0716872349909482
2019-03-06,0.03128172614860236,-0.01765336094595829
2019-03-07,0.013999161656358004,-0.0018744274105156472
2019-03-08,-0.025404299924226423,0.009375327026429469
2019-03-09,0.04157203996515891,-0.012426021465082529
2019-03-10,-0.013925826147566782,0.009251750740188056
2019-03-11,-0.04148114700429357,0.00528661647956007
2019-03-12,0.030202970730414124,0.010414614548504274
2019-03-13,-0.011772031157558066,0.014868036241686493
2019-03-14,0.013807814394239061,0.0009530952744300726
2019-03-15,0.0449128296162305,-0.020142830696093086
2019-03-16,0.06024582070191572,-0.017489235193162048
2019-03-17,-0.015453590438997954,0.01216043591060475
2019-03-18,-0.009703051227315252,0.007312661402866947
2019-03-19,0.01370486181137667,-0.0026765818037657973
2019-03-20,-0.002468660741861312,-0.014359059724917696
2019-03-21,-0.036156735026319234,0.017876899389113375
2019-03-22,0.0055956130378924185,-0.003688623860856433
2019-03-23,0.022456113614790094,-0.005193441662300883
2019-03-24,-0.018483942721761626,0.005642098485856359
2019-03-25,-0.02266028207738158,0.0074443145737005615
2019-03-26,0.005552777531308168,0.003692404504603087
2019-03-27,0.06576683100949343,-0.019763464550547796
2019-03-28,-0.01968453001426516,0.005913215106128157
2019-03-29,0.019190169720466742,-0.003801187788919392
2019-03-30,-0.008153621775959671,0.001484464156352751
2019-03-31,-0.0007070674971001821,0.0013325969099380868
2019-04-01,0.08974591671856323,0.14317351045619922
2019-04-02,0.33149338706231135,-0.03960191139306371
2019-04-03,0.12150126653977177,0.07728207688116143
2019-04-04,0.06278677704931664,0.14457983025657373
2019-04-05,0.04308024329113609,-0.05826824731088026
2019-04-06,0.005982657639561421,-0.051292433797053956
2019-04-07,0.03357064170878057,-0.027028015028806463
2019-04-08,-0.05008544735649162,-0.10511315744363929
2019-04-09,-0.06254792924323009,-0.0260631706016921
2019-04-10,0.046395430729561066,0.028321583287372012
2019-04-11,-0.15369131101830377,-0.003766338254121326
2019-04-12,0.006764436232016121,0.02434293363708183
2019-04-13,-0.0022280380854441083,0.008333693608825197
2019-04-14,0.05070580663595672,-0.023629272561356534
2019-04-15,-0.07046038691558285,0.003861652523042447
2019-04-16,0.05694391634229154,-0.013535182281005557
2019-04-17,-0.018812942008950104,0.0010721693030363816
2019-04-18,0.06769209922371142,0.015481393751669372
2019-04-19,-0.005254242724850444,-0.016995615917834047
2019-04-20,-0.00247129624277922,0.005637633551366385
2019-04-21,-0.06692444844546289,-0.018914505836071623
2019-04-22,0.016537025561444797,0.0069003952068243946
2019-04-23,-0.008117493278114948,-0.004821739489380652
2019-04-24,-0.06878087249886292,-0.033595003109744226
2019-04-25,-0.09059391634701439,0.011771863526210477
2019-04-26,0.029018935702131855,-0.009571407704344094
2019-04-27,-0.0015864344521533107,-0.0006864320098688717
2019-04-28,-0.017865705987124225,0.01754068173256749
2019-04-29,-0.03678532886023115,-0.008299033146335146
2019-04-30,0.09014490835338873,-0.028780522281469028
2019-05-01,-0.0032173857427449837,0.006725998858796964
2019-05-02,0.03064676655073559,0.023795334664764394
2019-05-03,0.09868257067999772,-0.006984054896029312
2019-05-04,-0.02422674498320272,-0.0017992311028469684
2019-05-05,-0.023928559273651288,0.0021907808867865416
2019-05-06,-0.0025507558176516894,-0.050011624903753084
2019-05-07,-0.006012529992662981,0.002559972711732095
2019-05-08,0.014119422598374723,-0.006423120275405198
2019-05-09,0.0005312257361629506,-0.015444329038970413
2019-05-10,0.04859775761101178,-0.015970053896829095
2019-05-11,0.23504536981657081,-0.031066355816929934
2019-05-12,-0.07833601059646565,0.007309200258238861
2019-05-13,0.11206027299414137,-0.02263262810833607
2019-05-14,0.13704574158254,0.042745955588401274
2019-05-15,0.17511810523423732,-0.015814185113245255
2019-05-16,-0.036722689022912924,-0.033492048122651816
2019-05-17,-0.14380014433530472,0.005600910032836273
2019-05-18,-0.03130620709744953,0.036118041484643926
2019-05-19,0.1865337065509468,-0.040860758458700956
2019-05-20,-0.07473825742970835,-0.007221800574639441
2019-05-21,0.014031745050847807,0.00892955286879674
2019-05-22,-0.0812523892124151,-0.008911104212933514
2019-05-23,0.02336374267442177,-0.003280885608137103
2019-05-24,0.08175112852253495,-0.030936696975027673
2019-05-25,0.022933428638015074,-0.013570668975046031
2019-05-26,0.12356095724499261,-0.030511337913544656
2019-05-27,0.05761578002213091,-0.013532391281426168
2019-05-28,-0.01933948759401762,0.013691009083040478
2019-05-29,-0.009605054176598038,-0.0013026682255084794
2019-05-30,-0.054005039175638155,0.07881631385217247
2019-05-31,0.09309747650701118,0.010161226079563126
2019-06-01,-0.01807100712608336,0.0037635070517386088
2019-06-02,0.02541550966426301,-0.020728444882254025
2019-06-03,-0.12720785291389275,0.00348930894175023
2019-06-04,-0.10270733096840243,0.0010104201794231664
2019-06-05,0.03290011887878732,-0.0078237726319285
2019-06-06,0.045517792798353864,-0.0181125428993466
2019-06-07,0.04882213924397917,-0.016994848541407395
2019-06-08,-0.013960533004297435,-0.000175102071016513
2019-06-09,-0.06945166841200101,0.014014993179653799
2019-06-10,0.12448207889119065,-0.03995880940407307
2019-06-11,0.016595099159855107,-0.020079740274718125
2019-06-12,0.04305166834511769,-0.022440713170902103
2019-06-13,-0.0218213316935782,0.01634593452630271
2019-06-14,0.05388531491078382,-0.010958629746429251
2019-06-15,0.0428007855932343,-0.011275819023469033
2019-06-16,0.008391514532813116,0.00680515556979426
2019-06-17,0.01453593269553064,-0.006280988140437641
2019-06-18,-0.035768425599761865,-0.0016647159305901976
2019-06-19,0.02422650205188643,-0.011187683266473866
2019-06-20,0.016103582993623713,0.003146860245862026
2019-06-21,0.09279801280724433,-0.031282589060040875
2019-06-22,0.06797202135755474,-0.01842358258593688
2019-06-23,-0.012643483073305989,0.016658038833860942
2019-06-24,0.01468830302620387,0.014256724556042726
2019-06-25,0.04856822702906574,-0.017724636174698768
2019-06-26,0.04724056478573843,-0.030958252993974613
2019-06-27,-0.21626265879555723,0.10593193114095847
2019-06-28,0.12287363576882257,-0.013555463249683052
2019-06-29,0.04694752886199501,-0.05486828405862977
2019-06-30,-0.16277020535321757,0.04251272668833419
2019-07-01,-0.004694571970310637,-0.004780538611007366
2019-07-02,-0.01557030302590526,-0.002105638513118184
2019-07-03,0.09411766184440486,-0.012649686913441725
2019-07-04,-0.08392953358639467,0.019598536249632068
2019-07-05,0.08036833668052384,0.16070517990836403
2019-07-06,-0.03751290784510499,-0.07657734277060116
2019-07-07,0.0650985859971132,-0.010658350532688548
2019-07-08,0.04509529619298596,-0.047182363058856834
2019-07-09,-0.016646886442736892,0.007743353898416936
2019-07-10,-0.11772792943548852,0.026730066138516525
2019-07-11,-0.1253915608262891,0.01019349990344742
2019-07-12,0.05993427596890927,0.000813686589535184
2019-07-13,-0.06436550948968754,0.004925374193502163
2019-07-14,-0.23466009132525742,0.05061412957251469
2019-07-15,0.04975707123950053,0.003357689482208992
2019-07-16,-0.2512132171156435,0.039985831487289486
2019-07-17,0.14360088796014772,-0.000467732460560553
2019-07-18,0.1558323967138916,-0.05220113083641374
2019-07-19,-0.04209214673016357,0.0018349880429141463
2019-07-20,0.04951673501277293,-0.0060721615655623855
2019-07-21,-0.026334269167906103,0.00018040303926312415
2019-07-22,-0.06571210611558066,0.008406516658528724
2019-07-23,-0.07759643267501763,-0.0020780246713478
2019-07-24,0.035442897079720675,-0.006085080443251147
2019-07-25,0.006683643718760755,-0.0011410778807032806
2019-07-26,0.0037499948867537438,-0.001391690551574409
2019-07-27,-0.09618729256410617,0.016636826293950337
2019-07-28,0.024923338716060273,0.000654868032747361
2019-07-29,-0.00014666015281693278,-0.006864682057836108
2019-07-30,-0.00095333924737485,-0.007619759418482544
2019-07-31,0.10094241199138607,-0.02257487706594854
2019-08-01,0.02435094849910503,0.01084418174455887
2019-08-02,-0.02715499914286712,-0.0030915810561313916
2019-08-03,0.021472602661001053,-0.010516529609676828
2019-08-04,0.002645740973372388,0.009531037627859758
2019-08-05,0.10274441360503425,-0.00038336701532498696
2019-08-06,-0.07447127719958635,-0.008960817590513604
2019-08-07,0.013708959857493885,0.015220626331348108
2019-08-08,-0.030216169632611582,-0.01127546890329573
2019-08-09,-0.06844104630324704,0.03106786718116404
2019-08-10,-0.031345076833149,-0.0065288838656640605
2019-08-11,0.06697081002606729,-0.015727099461755278
2019-08-12,-0.044884982704095244,0.01896241278579781
2019-08-13,-0.04220116690111745,0.0015407594277076688
2019-08-14,-0.16780614432321017,0.05448094126166657
2019-08-15,0.0032154152357896227,-0.03589505194978059
2019-08-16,-0.008929663473359944,0.024105176800484567
2019-08-17,-0.02695012262656006,-4.686370932605998e-05
2019-08-18,0.06951681237879032,-0.0068967992427585705
2019-08-19,0.06561942180952027,-0.0059972410568334454
2019-08-20,-0.04377619077656706,0.012189501626651368
2019-08-21,-0.08347768189593302,0.011040371251225705
2019-08-22,0.021983202706918257,-0.0020797201831475923
2019-08-23,0.0363686978678678,-0.01404079426188294
2019-08-24,-0.042846901889115815,0.0024905720605324193
2019-08-25,-0.0215621008832153,0.014168000241028373
2019-08-26,0.030342441565238763,-0.008701423733297166
2019-08-27,-0.029704877806633986,-0.008417331843619345
2019-08-28,-0.1184972559045076,0.026103148199730062
2019-08-29,-0.06622334037819189,0.0037282278779193867
2019-08-30,0.010442450397927253,0.010210511470579862
2019-08-31,0.020929975201787684,0.0013174308789326286
2019-09-01,0.012580869440048378,-0.014124980270293805
2019-09-02,0.07153492854648066,0.007168586375221144
2019-09-03,0.03204697539707434,-0.01690279001472267
2019-09-04,-0.008266503470284943,0.047089659897279305
2019-09-05,-0.05181080483448715,-0.039902999735219026
2019-09-06,-0.02716537532596897,0.006609226447170544
2019-09-07,0.06466574080235364,-0.0340973304074244
2019-09-08,0.01575568882916574,-0.015312093491422596
2019-09-09,-0.015211279195681042,-0.009507730498594744
2019-09-10,-0.012259117524593782,-0.0037104474282844226
2019-09-11,-0.015180918178190677,-0.00847492377026118
2019-09-12,0.016100623565055167,0.003839015865396863
2019-09-13,-0.002975238889527105,0.0026464398403440686
2019-09-14,0.03594958187584258,-0.014048660481983355
2019-09-15,0.006623630399883656,0.005339027820142604
2019-09-16,0.03416050159162165,-0.02248941053923906
2019-09-17,0.07159443183668424,0.0270747572625543
2019-09-18,0.053673582259073885,0.018187280827136682
2019-09-19,0.01905716017733892,-0.016520147528012414
2019-09-20,-0.03152507446879744,0.0028385615039781056
2019-09-21,-0.04076068963118088,-0.01401549492897598
2019-09-22,-0.013123753582015516,0.011645619401322837
2019-09-23,-0.10482982753839995,0.012053850424582273
2019-09-24,-0.30025071641783746,0.047390274070293115
2019-09-25,0.013652845648583658,-0.02382743842072141
2019-09-26,-0.06100320674317967,0.012394821873941555
2019-09-27,0.05493300031921368,0.0026716450419663387
2019-09-28,-0.004128675280570324,0.009564723981976064
2019-09-29,-0.03534415680065123,0.015290923036958974
2019-09-30,0.0910089631681994,0.029462800791120965
2019-10-01,-0.00453562201291582,0.004616041368617328
2019-10-02,0.009444198819138147,-0.023169080461094546
2019-10-03,-0.027737845166604057,0.00469576143198115
2019-10-04,0.013521176701188338,0.00960599918916542
2019-10-05,-0.012404012092857585,-0.010921240376775393
2019-10-06,-0.026838036428961654,0.027614980870638482
2019-10-07,0.07008362778780106,-0.01826623747542942
2019-10-08,-0.010999556671343336,-0.014781271360177012
2019-10-09,0.07805887832929145,-0.024200054741052846
2019-10-10,-0.03198998635175775,-0.008491356848021549
2019-10-11,-0.04971952996839592,0.03626026081947596
2019-10-12,-0.008161388541636588,0.003304689860252657
2019-10-13,0.03269339746708919,0.03333411775387445
2019-10-14,0.03913960631257265,0.022593178060024706
2019-10-15,-0.05089385589405784,0.013909131216183824
2019-10-16,-0.025383109730161932,0.05888488593438142
2019-10-17,0.05684013539958276,0.032137783731660735
2019-10-18,-0.042680722549656894,0.004601970522019444
2019-10-19,0.01131615411323747,0.010304247786701567
2019-10-20,0.0268144973518812,-0.019549185914235476
2019-10-21,0.007573308967156222,0.015016659992138843
2019-10-22,-0.06700167358927148,-0.05146954061070095
2019-10-23,-0.1182008159052708,0.03534732536425696
2019-10-24,0.011837158137431409,0.0137474362010148
2019-10-25,0.2179037024362992,-0.057641921345871434
2019-10-26,0.008658319130958412,-0.02871210443895066
2019-10-27,0.06224430462153846,-0.019963541586575134
2019-10-28,-0.03518615439338949,0.016177631421695152
2019-10-29,0.04772244319772741,-0.02339623330143351
2019-10-30,-0.046208289414096965,0.010256670497766442
2019-10-31,0.001210140999091509,-0.000145440622529339
2019-11-01,0.004074269466129893,0.005104182587714337
2019-11-02,0.0025777736887274815,-0.0018470041830624482
2019-11-03,-0.005732786039396833,0.008438701360658565
2019-11-04,0.0421574899522953,-0.032899279108382834
2019-11-05,0.022893492079980985,-0.008400679841513518
2019-11-06,0.016683481015122265,-0.007269494860005551
2019-11-07,-0.017040144422242512,0.05196143486997177
2019-11-08,-0.05633990072262357,0.0010184163595697564
2019-11-09,0.027109604367404415,0.011216323180450254
2019-11-10,0.05180347284496054,-0.0025671820488446305
2019-11-11,-0.052443235917657156,0.004871503606083472
2019-11-12,0.0037272908263102514,0.0025095744004882342
2019-11-13,-0.002979657202237612,-0.009483269604749696
2019-11-14,-0.02943101036270498,0.00948902013746519
2019-11-15,-0.045254352855494284,0.01670822555779843
2019-11-16,0.02082824662278667,-0.006255057564349146
2019-11-17,0.012264575607557575,-0.015398313535572753
2019-11-18,-0.06584022123366226,0.005858855157116783
2019-11-19,-0.030920078742648818,0.005808928834734976
2019-11-20,-0.015614700217915717,0.012890136560125297
2019-11-21,-0.13633180157738273,0.019307711764666887
2019-11-22,-0.10659802519548545,0.03143553398881376
2019-11-23,0.05875538719771106,0.03466397161411927
2019-11-24,-0.13289889110316347,0.010624791845883429
2019-11-25,0.015833057321392494,-0.04767195802635603
2019-11-26,0.0316204198910699,-0.014708615476944163
2019-11-27,0.050694342842173196,-0.004009482502884737
2019-11-28,-0.024475849491323684,0.0015577687998940622
2019-11-29,0.07952375011994861,0.02515230394616498
2019-11-30,-0.06376548691859146,-0.028896532778036086
2019-12-01,-0.015537009212743235,-0.004482240194534026
2019-12-02,-0.04770153067947441,-0.0015599111276764378
2019-12-03,-0.012978354569450321,-0.0010266805716747794
2019-12-04,-0.012106328554704435,0.0029519340183474024
2019-12-05,0.02488219515976044,-0.005612671388979577
2019-12-06,0.01066192952057095,-0.003249229008821502
2019-12-07,-0.00011859613615825383,0.0029991915516986607
2019-12-08,0.015204705371764184,-0.0044549111465325775
2019-12-09,-0.03831906844310498,0.006901854103950252
2019-12-10,-0.01802369620107697,0.00888253096080385
2019-12-11,-0.025799881439413603,0.005768415785567805
2019-12-12,0.01154663223086062,-0.004769676715582091
2019-12-13,0.001075055643556339,-0.006278841562362097
2019-12-14,-0.025741032023428447,0.01248566849326135
2019-12-15,-0.00039124710027594115,-0.007521599015923034
2019-12-16,-0.10093983243950337,0.041255057365173924
2019-12-17,-0.1345432114550287,0.021288469203986707
2019-12-18,0.172708218632362,-0.006653948490466347
2019-12-19,-0.044674199892006106,-0.005233122103972326
2019-12-20,-0.0060666134352961336,-0.021793642975562393
2019-12-21,-0.006934077272283897,0.009723117752884043
2019-12-22,0.06925381554338952,-0.021087620442547274
2019-12-23,-0.04834688780523014,0.005408820040021143
2019-12-24,-0.0018985701013131797,0.0014154658302329755
2019-12-25,-0.010188462419264533,0.015531824615157423
2019-12-26,-0.014212209902812478,-0.008108953745499893
2019-12-27,0.017968315585389652,-0.012015524185099305
2019-12-28,0.031081591765396405,-0.010424309408959252
2019-12-29,0.0436832656616083,-0.023448863416989065
2019-12-30,-0.030410023382642523,0.010040778503516704
2019-12-31,-0.04228331341723294,0.01020310574097293
2020-01-01,0.0158134041940396,-0.005572236924682651
2020-01-02,-0.0614219775167021,0.021378058014986642
2020-01-03,0.11565208946681166,0.010378727000807907
2020-01-04,0.04106290650115275,0.027986806017469588
2020-01-05,0.046060027674230515,0.06200336370282793
2020-01-06,0.08688222116418959,-0.028375243594674932
2020-01-07,0.0188357955832116,-0.02211177628646338
2020-01-08,-0.05109383629380977,-0.038172236730029445
2020-01-09,-0.031900828662730196,-2.500520907909153e-07
2020-01-10,0.09654375362201296,-0.0036301762246349592
2020-01-11,-0.012831728064245962,-0.0126062940400925
2020-01-12,0.05318016974739288,0.0035094844403183146
2020-01-13,-0.027659608844110836,0.005173546389588784
2020-01-14,0.22023886237676601,-0.07255912735527609
2020-01-15,-0.02451462221538638,-0.03359394110133671
2020-01-16,-0.018614655850026647,-0.0002977571131236163
2020-01-17,0.09583673029926647,0.015185844208319251
2020-01-18,-0.0005309745661384485,0.007022289531298976
2020-01-19,-0.07241339620816208,-0.004811408798824014
2020-01-20,-0.013616843413273178,-0.006846305905166519
2020-01-21,0.017314427536725626,-0.008449183947903526
2020-01-22,-0.011562481769279124,-0.01825298920176765
2020-01-23,-0.07824083767043204,0.017074458960784616
2020-01-24,0.0033999600004004913,0.002892725159300675
2020-01-25,-0.02185203444672528,0.0034690403259971347
2020-01-26,0.06901288933008115,-0.014685637081764945
2020-01-27,0.061760369866055015,-0.002369849234691961
2020-01-28,0.07155425890804107,-0.000306312291064589
2020-01-29,-0.023219473865229802,-0.01452748260897111
2020-01-30,0.1171867510047633,-0.041836655192529576
2020-01-31,-0.03138912499825636,-0.0027153679821539396
2020-02-01,0.041688929035859766,-0.009667579221683029
2020-02-02,0.01714363801111576,0.011022431599943892
2020-02-03,-0.007577688251045766,-0.008678668970168418
2020-02-04,-0.006296166652174646,0.03295943829025235
2020-02-05,0.10875963009828923,-0.026567401887955377
2020-02-06,0.04623381565649982,0.004326879292170248
2020-02-07,0.05704078883055304,0.01562335247107141
2020-02-08,0.08527860483586402,0.10421720148683729
2020-02-09,0.039235699367422,0.004411706305600879
2020-02-10,-0.08160482304712907,-0.044208665677632784
2020-02-11,0.06877389488352714,-0.01837854824619433
2020-02-12,0.10912464637363317,-0.04603583069802117
2020-02-13,-0.01568048585023446,-0.016531546860707316
2020-02-14,0.0695825811853007,-0.001944479046197435
2020-02-15,-0.13382391022969026,-0.0023208432846369177
2020-02-16,-0.04302562541108143,-0.033065037442487434
2020-02-17,-0.022063999216243503,-0.015070504833288128
2020-02-18,0.09967847666404962,-0.003816802030310825
2020-02-19,-0.14726209657010653,-0.005113977367473109
2020-02-20,-0.0096733074140616,0.021307931824100644
2020-02-21,0.046679955481567566,-0.03079280985272338
2020-02-22,-0.0035895294878089956,-0.016916146112461252
2020-02-23,0.08020954923285176,-0.01073174194924567
2020-02-24,-0.07335683648078535,0.0029218163938367157
2020-02-25,-0.1040887979718155,0.009360117353580815
2020-02-26,-0.18612510230392512,0.04112884366724794
2020-02-27,0.0024824767135535795,-0.008299381641893394
2020-02-28,-0.028261362305616357,-0.0015469154634196259
2020-02-29,-0.042793560676444534,-0.001542948897552268
2020-03-01,-0.00024217466185622537,0.021108276886406985
2020-03-02,0.08627152154967342,-0.012047944981914175
2020-03-03,0.014535120035911883,0.06458524021072036
2020-03-04,-0.028504245162429973,-0.03081973735728216
2020-03-05,0.0631516232600398,0.015991319025232906
2020-03-06,0.04106172805553184,-0.029656414774478747
2020-03-07,-0.06237679435650366,-0.006793210774903259
2020-03-08,-0.2624396794106817,0.04318231826156882
2020-03-09,-0.01635327037991872,0.022571689126550023
2020-03-10,-0.004164861233548267,-0.0002977779154657445
2020-03-11,-0.04067514168915794,0.012576509537971528
2020-03-12,-0.9038157221678094,0.11511185219326453
2020-03-13,0.3032403583708845,-0.0318070632970826
2020-03-14,-0.13592259061477344,0.02951010038839708
2020-03-15,0.06071826783610414,-0.019411524956580592
2020-03-16,-0.18167400669155925,0.037029570445644935
2020-03-17,0.04433535001675649,-0.024298514811332158
2020-03-18,0.0008913496730728,-0.015335930185566168
2020-03-19,0.3041350892892928,-0.030144116062162673
2020-03-20,-0.02783756595898951,0.017496281619375987
2020-03-21,0.006196444788315564,0.004936030944300744
2020-03-22,-0.11888067126976552,0.03344664623992082
2020-03-23,0.15443369041663305,-0.03888462438098545
2020-03-24,0.07155124207949862,-0.010170518486279354
2020-03-25,-0.03597594300114243,0.010613719357230034
2020-03-26,0.02712915219852823,-0.009854776226018764
2020-03-27,-0.05898036062457379,0.012061729403880256
2020-03-28,-0.03468495148697995,0.0017972242174461163
2020-03-29,-0.0813612322294484,0.010564860254870464
2020-03-30,0.12020848309921005,0.0028338245473707594
2020-03-31,0.0004741028603965217,-0.012309337505330187
2020-04-01,0.035189304994327854,0.01578374190083277
2020-04-02,0.047031703018332205,-0.01795475788625872
2020-04-03,-0.0040576627298238065,-0.014900984967265834
2020-04-04,0.03146087438657829,-0.0008571410931634758
2020-04-05,-0.014384786189552176,-0.00010760060140287966
2020-04-06,0.19345498972767522,-0.04468828618183613
2020-04-07,-0.010125262847326144,0.01713795866306483
2020-04-08,0.05671194249424492,-0.023755228746848305
2020-04-09,-0.004084329081733616,0.008555550883988855
2020-04-10,-0.1292318484823879,0.043728538419668166
2020-04-11,0.00550940442521328,0.010398713890740997
2020-04-12,0.018392836146384036,-0.010071962035384269
2020-04-13,-0.04759099337663609,0.010104997627009712
2020-04-14,0.0039239649584758875,0.0009351892179847299
2020-04-15,-0.052609596396682806,0.01627399492174955
2020-04-16,0.15381219122072998,-0.037858404591398886
2020-04-17,-0.005380204101848657,-0.0046829987677301085
2020-04-18,0.08707184102226584,-0.024417806623677627
2020-04-19,-0.041425997276586794,0.022965170021613458
2020-04-20,-0.087997982791106,0.007924744140901514
2020-04-21,0.0017205620761337561,-0.006699988862475182
2020-04-22,0.06490247193373937,-0.014354137406300116
2020-04-23,0.047330582756414594,-0.004716155166281651
2020-04-24,0.05591246505703267,9.918363458354167e-05
2020-04-25,0.026708556882273624,0.005132733940104301
2020-04-26,0.06924165800279551,0.09628711880453132
2020-04-27,-0.004837024239369216,-0.022106544010798358
2020-04-28,0.016832647237217863,-0.016424085383026643
2020-04-29,0.16959444423805256,-0.010910166038524282
2020-04-30,-0.07299403615347119,0.008617203985950953
2020-05-01,0.049479670198591466,-0.00406021624152955
2020-05-02,0.038526975595631174,0.004637910618112938
2020-05-03,-0.03585655011585364,0.003621158813439351
2020-05-04,-0.020880665882021004,-0.0003881233483895497
2020-05-05,-0.006564720661527811,0.0061959963080838254
2020-05-06,0.004003786263401891,0.02023726548608567
2020-05-07,0.09254152705030824,0.008629246594651259
2020-05-08,-0.003266250795192972,-0.014659998522629652
2020-05-09,-0.022835812871063205,0.007744914784296525
2020-05-10,-0.1886158602825687,0.038926629685666736
2020-05-11,-0.03265622563718632,-0.002555558980097207
2020-05-12,0.03508719806823186,0.00433880175208189
2020-05-13,0.07315175853895511,-0.014573562379499149
2020-05-14,0.050740557272271045,-0.0033265058297204508
2020-05-15,-0.06390857767225099,0.006293500749922669
2020-05-16,0.02230283123310997,-0.009658864596231328
2020-05-17,0.040148691803910924,-0.011145444194230011
2020-05-18,0.0416676745020777,-0.021580200798397675
2020-05-19,-0.0009468397022401365,-0.0006990244875511709
2020-05-20,-0.037597346378362415,0.008054781912171734
2020-05-21,-0.06811799910119996,0.02920261802971969
2020-05-22,0.052018991437170946,-0.007654286318534409
2020-05-23,0.005420372136643708,0.0022774848107015785
2020-05-24,-0.07222651873421705,0.001676816894900263
2020-05-25,0.03617172459825508,0.01776076452273029
2020-05-26,-0.029185732324992643,-0.007047552678343031
2020-05-27,0.05705405077459632,-0.020556418400335133
2020-05-28,0.05650489695886224,-0.02598093870124006
2020-05-29,-0.0010569988094269842,0.004450724752768841
2020-05-30,0.11189761669807378,-0.028356400844499415
2020-05-31,-0.06995882702535645,0.014601170464408005
2020-06-01,0.11268781927805555,-0.022773008571613327
2020-06-02,-0.0896595085637256,0.012879265032715673
2020-06-03,0.04019662105262282,-0.012814614885805159
2020-06-04,0.021487993058567408,0.010212923997963905
2020-06-05,-0.025758843783291838,-4.2012836511464064e-05
2020-06-06,-0.00407833789775974,-0.0012574057327972613
2020-06-07,0.014713919477688474,0.0004249152629095664
2020-06-08,-0.0031535021472422118,-0.007491291036660509
2020-06-09,-0.009380043632144595,-0.00045660304575264004
2020-06-10,0.019081957621569463,-0.0034794872785456963
2020-06-11,-0.12264129523948586,0.010352233708999917
2020-06-12,0.050397414763058104,0.0033462473024546296
2020-06-13,0.009128012355726422,0.0012362267456725818
2020-06-14,-0.03106675703746074,0.008627923068955405
2020-06-15,-0.014988144664843706,-0.004517478625682057
2020-06-16,0.015512936505237686,-0.005059525743605645
2020-06-17,-0.003700120220565135,0.0020476693919392604
2020-06-18,-0.013252874766514091,0.001999718711260345
2020-06-19,-0.035274680167229476,0.0037031484068169597
2020-06-20,0.018291496169888784,-0.00406999182436823
2020-06-21,-0.004854102545372197,0.0033296267330398606
2020-06-22,0.06508306867570382,-0.024861794498740267
2020-06-23,0.004982787185682606,0.0021355617868823147
2020-06-24,-0.05960295687208844,0.009451554317730905
2020-06-25,-0.014470011730946945,0.0030696307359799314
2020-06-26,-0.01398928618334013,-0.018597316611794243
2020-06-27,-0.05340751452299443,0.008732382394278903
2020-06-28,0.01123923989160579,0.0005175518716562333
2020-06-29,0.012224853820426458,-0.012931586681957867
2020-06-30,-0.009944061365963585,0.009889975212283858
2020-07-01,0.02582958353224861,0.0021411121690951213
2020-07-02,-0.009597985101254584,0.009496266827158225
2020-07-03,-0.02392742804477379,-0.007202280863266829
2020-07-04,0.020932726957796084,-0.014924078093740004
2020-07-05,-0.011705151166036177,0.007265725318122406
2020-07-06,0.1376967900177711,0.06499815281231955
2020-07-07,0.06433011855712814,0.1552647549400592
2020-07-08,0.26213747620907,0.3454742935765372
2020-07-09,-0.06068271513590777,-0.05354300806453069
2020-07-10,-0.11910471837934612,-0.18849465851580396
2020-07-11,0.04090294096156327,0.07068367334560387
2020-07-12,-0.0168672302398377,-0.046024649225622605
2020-07-13,-0.08176815462881493,-0.10546933785481198
2020-07-14,0.01806809301781041,0.031455290155944525
2020-07-15,-0.045089045790775335,-0.04898527664090085
2020-07-16,-0.04392574367167999,-0.008084515210003564
2020-07-17,0.008477656122744622,0.02111783487755325
2020-07-18,0.07643404577985462,0.1020156049708305
2020-07-19,-0.003272004947643593,-0.028391852910450068
2020-07-20,-0.03485531996096255,-0.02895241404240763
2020-07-21,0.060393312588360094,-0.01083765266096644
2020-07-22,0.05629284013645924,-0.04046420453003128
2020-07-23,0.027944901074013432,-0.01374179840754377
2020-07-24,-0.012559241036197074,-0.019774213681496178
2020-07-25,0.10872958145473954,-0.05796457519201092
2020-07-26,0.010218917780178357,-0.0052037427410228185
2020-07-27,0.10424205215647685,-0.08497812051158134
2020-07-28,0.023021209792046655,0.004891972569799557
2020-07-29,0.005051571917010063,-0.0038045095601925206
2020-07-30,0.04805563779506977,-0.014541525980361463
2020-07-31,0.0373275946104002,-0.023187979698136702
2020-08-01,0.17086503437499828,0.05497287527339087
2020-08-02,-0.13884062560412813,-0.03733429222243922
2020-08-03,0.054716793827791356,-0.013163910646602996
2020-08-04,0.015891206004457772,0.03930411995751308
2020-08-05,0.04613839647294399,-0.032230979495379224
2020-08-06,0.0007029803400670986,0.016491420027129302
2020-08-07,-0.04902873710418989,0.02068432469557942
2020-08-08,0.030780208471745982,-0.02539918132568532
2020-08-09,-0.02242353439542275,-0.002186425460499899
2020-08-10,0.029934786475628788,-0.004135803666753649
2020-08-11,-0.09059741710226676,0.016680172184966646
2020-08-12,0.040092298428888895,0.007322376907547253
2020-08-13,0.08811756651085172,-0.04152908509597785
2020-08-14,0.007121553816356358,0.00965974821963197
2020-08-15,0.025745659279543892,-0.019411664431217928
2020-08-16,0.03453476833850762,-0.022680652983707906
2020-08-17,0.043691064708459994,-0.0002733676606265239
2020-08-18,-0.039034280475469925,-0.0024003270350620885
2020-08-19,-0.07306805247629589,0.012843230280185457
2020-08-20,0.03095032706415623,-0.005772930351248849
2020-08-21,-0.08757104046082201,0.02980557315890312
2020-08-22,0.0283130608574802,0.000780777292110449
2020-08-23,-0.007442973657296201,-0.003863260612543142
2020-08-24,0.04122213527338776,-0.022629518666084987
2020-08-25,-0.09620973677388212,0.017552070740659655
2020-08-26,0.005706954120024371,-0.003278341459021072
2020-08-27,-0.048479090528965506,-0.007720716801444021
2020-08-28,0.04902696314248472,-0.004708308554082049
2020-08-29,0.006047315391373384,0.001590136787165047
2020-08-30,0.09686543413252689,-0.049208490394013184
2020-08-31,-0.018902420732733714,-0.017645508370708624
2020-09-01,0.0804064291067706,-0.03569796016375358
2020-09-02,-0.126488201006886,0.025337270184699986
2020-09-03,-0.27547370719057235,0.032643779905108854
2020-09-04,0.06313447516260207,0.005379600562543617
2020-09-05,-0.1498843412902537,0.033491761641883624
2020-09-06,0.043289276743732966,-0.013871050127629276
2020-09-07,0.015283070097656656,0.002480990768537029
2020-09-08,-0.05803077914747932,0.0118587547228301
2020-09-09,0.03573447067917925,-0.011394753268044885
2020-09-10,0.04425254931093388,-0.015332275975916656
2020-09-11,0.015675008811875193,-0.008388139940064801
2020-09-12,0.04081186039097016,-0.01800625648679702
2020-09-13,-0.07318932628992225,0.026053697432974834
2020-09-14,0.047371273517007005,-0.015199432673267978
2020-09-15,-0.01586536523819832,0.023207158510319143
2020-09-16,0.0021224859540130148,-0.0027349224478779195
2020-09-17,0.04076267010335235,-0.029985805567229268
2020-09-18,-0.012665263894234325,0.004226440629735066
2020-09-19,0.008168481685644942,-0.007698899560160283
2020-09-20,-0.046786419191016414,0.021516451810999173
2020-09-21,-0.1339273976330344,0.01505963513770469
2020-09-22,0.02693177777111199,-0.002997358718191062
2020-09-23,-0.08549052690271307,0.008897419606579767
2020-09-24,0.10293635434760581,-0.02941515800088152
2020-09-25,0.027883194782936233,0.014889335723338216
2020-09-26,0.012068503104567302,0.001247364756532279
2020-09-27,-0.0013769792402772273,-0.008931440525337625
2020-09-28,-0.021852337414034733,-0.004229051263548886
2020-09-29,0.02378984107253463,0.001329379113339545
2020-09-30,-0.005026028255411742,-0.02018314271842755
2020-10-01,-0.019266789989230055,0.005936453407458904
2020-10-02,-0.03503119825893962,0.006324683026870808
2020-10-03,0.01088734967514078,0.0017532750720264142
2020-10-04,0.03477231306285568,-0.003298278921893348
2020-10-05,-0.0015967547930192286,-0.008430560740554247
2020-10-06,-0.031611753900704614,0.019352350325025882
2020-10-07,0.009370055584210037,-0.011379951641101338
2020-10-08,0.030152429559441515,-0.01631688686931201
2020-10-09,0.04581988166848184,-0.0017093297516406585
2020-10-10,0.0293476948953106,-0.014782822154359115
2020-10-11,0.033046795483956296,-0.009547971091657077
2020-10-12,0.023957501758710135,-0.014444693185032576
2020-10-13,-0.029182711866473303,0.0010360112370795297
2020-10-14,-0.0025511970370710054,0.0032190871643459984
2020-10-15,-0.01250352448013658,-0.011211514299764446
2020-10-16,-0.038624599492775614,0.03137479670523907
2020-10-17,-0.00793670866413004,-0.00897280248151734
2020-10-18,0.02570194292561519,-0.012323533893821315
2020-10-19,0.0181231069786305,-0.007189191051376061
2020-10-20,-0.019041568962903137,0.017820641803445312
2020-10-21,0.1341047020590248,-0.061351981819169406
2020-10-22,0.0506126889167189,-0.01899453142082521
2020-10-23,0.0024237587049209313,-0.003446338994805729
2020-10-24,0.04645042464366656,-0.024854664975975983
2020-10-25,-0.012751334485594882,0.01141100340890467
2020-10-26,-0.02825974801056533,0.028949727841350355
2020-10-27,0.041364649603732435,-0.02323357137615147
2020-10-28,-0.06741362625290558,0.0036290487565568408
2020-10-29,-0.009661468312252716,0.0002861503621397339
2020-10-30,-0.007969230041978434,0.013202833002880783
2020-10-31,0.026034044572332656,-0.02324772294212392
2020-11-01,0.013473954390828264,-0.005552323617651759
2020-11-02,-0.05375246207626211,0.002598675521075095
2020-11-03,0.020488027387613916,-0.005599797593245679
2020-11-04,0.03315936799661723,-0.016998612385423346
2020-11-05,0.11247241230918052,-0.02291643140427561
2020-11-06,0.11667959057756389,-0.007672076496205528
2020-11-07,-0.09422359555313212,0.016048038831304637
2020-11-08,0.06395835127640329,-0.018633577042914618
2020-11-09,-0.03773203416629854,0.004862305249998123
2020-11-10,0.01048646540712421,0.028917007371793528
2020-11-11,0.041460254713579225,-0.01640305376349328
2020-11-12,0.022339664778927258,-0.006322705532297014
2020-11-13,0.06908907331612739,-0.02121812523221905
2020-11-14,-0.045281100709921265,0.007279221526664289
2020-11-15,-0.029967817590296566,0.019257588175047316
2020-11-16,0.1282130539672579,-0.024642883505876335
2020-11-17,0.08794429027476532,-0.02890541713370054
2020-11-18,-0.017510311834056068,-9.961865634241769e-05
2020-11-19,0.049094737849433495,-0.02381195764668952
2020-11-20,0.07796481187353446,-0.01731090532543807
2020-11-21,0.1461385838588779,0.10044029914107373
2020-11-22,-0.04749935954604492,-0.03406680091754002
2020-11-23,0.1325128400123977,0.027701070912860355
2020-11-24,0.08409858214902738,0.117443846021717
2020-11-25,-0.14502278723444642,-0.05462380085128313
2020-11-26,-0.23404762484655803,-0.024237311583174173
2020-11-27,-0.01190575601778966,0.015890588717741863
2020-11-28,0.08263033712445618,-0.0014708437864200197
2020-11-29,0.1004542598821737,-0.042887436252595994
2020-11-30,0.13631433702421863,-0.04201987806231795
2020-12-01,-0.08623427488826359,-0.021919319885757287
2020-12-02,0.04623291153740658,-0.01178098991160295
2020-12-03,0.030969491116616957,0.00034480358351014095
2020-12-04,-0.13659473909649616,0.034666520645598276
2020-12-05,0.07068532592238877,-0.006317941011309038
2020-12-06,0.010680610961819223,-0.008439958193363432
2020-12-07,-0.01817354206818012,-0.004093035005156133
2020-12-08,-0.1250732850551196,0.014524212238379228
2020-12-09,0.024516365418696635,-0.021873693072899242
2020-12-10,-0.04610439761113659,0.0075609248514417506
2020-12-11,-0.0423935673994107,0.015341439894293644
2020-12-12,0.08620041010900918,-0.017004660086035663
2020-12-13,0.0782716955891083,-0.010514719189047757
2020-12-14,-0.0021275365204986075,-0.00640316855471049
2020-12-15,-0.0033885914030241707,-0.006497565525881458
2020-12-16,0.18267699233833407,-0.028781520308949007
2020-12-17,0.12380663872472532,0.03436443327023184
2020-12-18,0.0771060873527641,-0.0033973520501451677
2020-12-19,0.0791927166834581,-0.021635048232592963
2020-12-20,0.03016787574226622,0.17165852250792765
2020-12-21,-0.06719550181785361,0.07820060887092932
2020-12-22,0.05279322002695787,-0.09753867563910447
2020-12-23,-0.2037499657121557,-0.08810603489207372
2020-12-24,0.18028039196782766,0.1199310308188024
2020-12-25,0.10147570333362917,-0.051681507544004086
2020-12-26,0.03746624793162435,-0.0411533424263089
2020-12-27,0.03318818891740329,-0.00824016348244392
2020-12-28,0.0643285288763967,-0.026733651254271577
2020-12-29,-0.010605270664697632,-0.019994104111717387
