Date,BTC,ETH,LTC,DOGE
2018-01-01,13657.2001953125,772.6409912109375,229.0330047607422,0.00890900008380413
2018-01-02,14982.099609375,884.4439697265625,255.6840057373047,0.009145000018179417
2018-01-03,15201.0,962.719970703125,245.3679962158203,0.009320000186562538
2018-01-04,15599.2001953125,980.9219970703125,241.3699951171875,0.009643999859690666
2018-01-05,17429.5,997.719970703125,249.27099609375,0.012167000211775303
2018-01-06,17527.0,1041.6800537109375,296.4540100097656,0.014863000251352787
2018-01-07,16477.599609375,1153.1700439453125,288.45098876953125,0.01708799973130226
2018-01-08,15170.099609375,1148.530029296875,255.76300048828125,0.015045000240206718
2018-01-09,14595.400390625,1299.739990234375,247.03700256347656,0.013419999741017818
2018-01-10,14973.2998046875,1255.8199462890625,250.51800537109375,0.013101999647915363
2018-01-11,13405.7998046875,1154.9300537109375,229.36599731445312,0.011469000019133091
2018-01-12,13980.599609375,1273.199951171875,236.8560028076172,0.013055999763309956
2018-01-13,14360.2001953125,1396.4200439453125,259.1929931640625,0.013023000210523605
2018-01-14,13772.0,1366.77001953125,238.6750030517578,0.011683999560773373
2018-01-15,13819.7998046875,1291.9200439453125,232.7740020751953,0.009856999851763248
2018-01-16,11490.5,1053.68994140625,188.33099365234375,0.006821999792009592
2018-01-17,11188.599609375,1014.25,186.51600646972656,0.007648000027984381
2018-01-18,11474.900390625,1036.280029296875,192.83700561523438,0.00796900037676096
2018-01-19,11607.400390625,1039.0999755859375,192.96400451660156,0.007871000096201897
2018-01-20,12899.2001953125,1155.1500244140625,211.01800537109375,0.008448000065982342
2018-01-21,11600.099609375,1049.5799560546875,190.42100524902344,0.0071310000494122505
2018-01-22,10931.400390625,1003.260009765625,180.00799560546875,0.00673400005325675
2018-01-23,10868.400390625,986.22900390625,177.8070068359375,0.006672999821603298
2018-01-24,11359.400390625,1058.780029296875,179.98699951171875,0.007083000149577856
2018-01-25,11259.400390625,1056.030029296875,180.27200317382812,0.007666999939829111
2018-01-26,11171.400390625,1055.1700439453125,176.73399353027344,0.007236999925225973
2018-01-27,11440.7001953125,1107.0699462890625,180.88600158691406,0.007373000029474497
2018-01-28,11786.2998046875,1246.010009765625,193.86500549316406,0.007464999798685312
2018-01-29,11296.400390625,1182.3599853515625,181.66400146484375,0.0069670001976192
2018-01-30,10106.2998046875,1071.1300048828125,165.2760009765625,0.006023999769240618
2018-01-31,10221.099609375,1118.31005859375,163.3509979248047,0.006010000128298998
2018-02-01,9170.5400390625,1036.7900390625,142.2969970703125,0.005028999876230955
2018-02-02,8830.75,915.7849731445312,131.37899780273438,0.004474999848753214
2018-02-03,9174.91015625,964.0189819335938,160.25,0.005164000205695629
2018-02-04,8277.009765625,834.6820068359375,148.02499389648438,0.004399000201374292
2018-02-05,6955.27001953125,697.9509887695312,125.33000183105469,0.0035329998936504126
2018-02-06,7754.0,793.1220092773438,142.99099731445312,0.004360999912023544
2018-02-07,7621.2998046875,757.0679931640625,138.2030029296875,0.004296999890357256
2018-02-08,8265.58984375,817.8070068359375,149.46600341796875,0.00456599984318018
2018-02-09,8736.98046875,883.864990234375,163.9499969482422,0.004999999888241291
2018-02-10,8621.900390625,860.4149780273438,155.59300231933594,0.004989000037312508
2018-02-11,8129.97021484375,814.6599731445312,148.99000549316406,0.00495600001886487
2018-02-12,8926.5703125,868.7069702148438,161.5659942626953,0.0054720002226531506
2018-02-13,8598.3095703125,845.2579956054688,159.5540008544922,0.005638000089675188
2018-02-14,9494.6298828125,923.5609741210938,213.35899353027344,0.006730000022798777
2018-02-15,10166.400390625,936.9760131835938,225.42599487304688,0.007346999831497669
2018-02-16,10233.900390625,944.2100219726562,230.12399291992188,0.007034000009298325
2018-02-17,11112.7001953125,974.114990234375,229.46499633789062,0.0070489998906850815
2018-02-18,10551.7998046875,923.9210205078125,215.73599243164062,0.006424000021070242
2018-02-19,11225.2998046875,943.864990234375,223.0570068359375,0.006697000004351139
2018-02-20,11403.7001953125,895.3709716796875,232.8509979248047,0.0070940000005066395
2018-02-21,10690.400390625,849.9710083007812,213.3520050048828,0.006581000052392483
2018-02-22,10005.0,812.844970703125,195.30799865722656,0.006258999928832054
2018-02-23,10301.099609375,864.1890258789062,209.3090057373047,0.006647999864071608
2018-02-24,9813.0703125,840.5150146484375,209.4219970703125,0.0063240001909434795
2018-02-25,9664.73046875,844.8099975585938,220.47500610351562,0.006142000202089548
2018-02-26,10366.7001953125,869.3150024414062,220.96200561523438,0.0063390000723302364
2018-02-27,10725.599609375,878.2650146484375,216.5989990234375,0.006291000172495842
2018-02-28,10397.900390625,855.198974609375,202.89500427246094,0.006018000189214945
2018-03-01,10951.0,872.2000122070312,209.75,0.006215000059455633
2018-03-02,11086.400390625,856.85302734375,212.55599975585938,0.005481999833136797
2018-03-03,11489.7001953125,857.2249755859375,210.64300537109375,0.0053010000847280025
2018-03-04,11512.599609375,866.677978515625,213.7989959716797,0.005501999985426664
2018-03-05,11573.2998046875,853.6840209960938,211.1750030517578,0.005218000151216984
2018-03-06,10779.900390625,816.9509887695312,196.6009979248047,0.004610000178217888
2018-03-07,9965.5703125,752.8309936523438,185.83900451660156,0.004023999907076359
2018-03-08,9395.009765625,704.5960083007812,176.51100158691406,0.004025000147521496
2018-03-09,9337.5498046875,728.916015625,187.16799926757812,0.004145999904721975
2018-03-10,8866.0,686.8900146484375,177.73199462890625,0.003973000217229128
2018-03-11,9578.6298828125,723.3389892578125,188.9459991455078,0.004209999926388264
2018-03-12,9205.1201171875,699.8309936523438,178.23399353027344,0.004031999967992306
2018-03-13,9194.849609375,690.8270263671875,175.78199768066406,0.00395999988541007
2018-03-14,8269.8095703125,614.291015625,161.1009979248047,0.003524000057950616
2018-03-15,8300.8603515625,611.3040161132812,164.4759979248047,0.0035359999164938927
2018-03-16,8338.349609375,601.666015625,165.4499969482422,0.0035099999513477087
2018-03-17,7916.8798828125,552.7789916992188,152.968994140625,0.003298999974504113
2018-03-18,8223.6796875,538.6439819335938,154.07400512695312,0.0031900000758469105
2018-03-19,8630.650390625,556.7260131835938,161.14199829101562,0.00343999988399446
2018-03-20,8913.4697265625,557.1749877929688,168.81700134277344,0.0036510000936686993
2018-03-21,8929.2802734375,561.7319946289062,169.052001953125,0.0036589999217540026
2018-03-22,8728.4697265625,539.7020263671875,163.6719970703125,0.0035280000884085894
2018-03-23,8879.6201171875,539.6190185546875,167.83200073242188,0.0035600000992417336
2018-03-24,8668.1201171875,526.4390258789062,159.63099670410156,0.003590000094845891
2018-03-25,8495.7802734375,524.2869873046875,160.08399963378906,0.003504999913275242
2018-03-26,8209.400390625,489.95098876953125,149.2209930419922,0.0032889998983591795
2018-03-27,7833.0400390625,450.1159973144531,135.7790069580078,0.0031449999660253525
2018-03-28,7954.47998046875,446.27899169921875,131.7469940185547,0.003140999935567379
2018-03-29,7165.7001953125,385.9679870605469,114.67900085449219,0.002827000105753541
2018-03-30,6890.52001953125,394.6449890136719,118.5979995727539,0.0027630000840872526
2018-03-31,6973.52978515625,396.4570007324219,116.60700225830078,0.002819000044837594
2018-04-01,6844.22998046875,379.60699462890625,115.22200012207031,0.002718999981880188
2018-04-02,7083.7998046875,386.42498779296875,119.30599975585938,0.0027970001101493835
2018-04-03,7456.10986328125,416.89300537109375,134.47000122070312,0.0029800001066178083
2018-04-04,6853.83984375,380.5429992675781,118.41200256347656,0.0027699999045580626
2018-04-05,6811.47021484375,383.23199462890625,119.13099670410156,0.002713999943807721
2018-04-06,6636.31982421875,370.2850036621094,113.15499877929688,0.0026700000744313
2018-04-07,6911.08984375,385.3139953613281,116.26000213623047,0.0028019999153912067
2018-04-08,7023.52001953125,400.50799560546875,117.6709976196289,0.0028429999947547913
2018-04-09,6770.72998046875,398.5260009765625,114.98999786376953,0.0027630000840872526
2018-04-10,6834.759765625,414.2430114746094,114.26300048828125,0.0030429998878389597
2018-04-11,6968.31982421875,430.5400085449219,118.29100036621094,0.003396000014618039
2018-04-12,7889.25,492.9410095214844,129.3350067138672,0.0037980000488460064
2018-04-13,7895.9599609375,492.7349853515625,125.35399627685547,0.003994999919086695
2018-04-14,7986.240234375,501.4779968261719,126.29399871826172,0.004149999935179949
2018-04-15,8329.1103515625,531.7020263671875,132.0449981689453,0.00457100011408329
2018-04-16,8058.669921875,511.1470031738281,128.3350067138672,0.004585000220686197
2018-04-17,7902.08984375,502.8940124511719,132.92799377441406,0.0047439998015761375
2018-04-18,8163.419921875,524.7890014648438,139.9969940185547,0.005412000231444836
2018-04-19,8294.3095703125,567.8889770507812,146.3000030517578,0.005824000108987093
2018-04-20,8845.830078125,615.718017578125,155.53700256347656,0.0058929999358952045
2018-04-21,8895.580078125,605.39501953125,148.9340057373047,0.005413000006228685
2018-04-22,8802.4599609375,621.8599853515625,146.7740020751953,0.005539000034332275
2018-04-23,8930.8798828125,642.5479736328125,152.2519989013672,0.005481999833136797
2018-04-24,9697.5,708.1580200195312,165.781005859375,0.005799999926239252
2018-04-25,8845.740234375,615.416015625,144.76400756835938,0.0050929998978972435
2018-04-26,9281.509765625,662.8090209960938,153.6790008544922,0.005626999773085117
2018-04-27,8987.0498046875,647.031982421875,145.90499877929688,0.005421999841928482
2018-04-28,9348.48046875,683.677978515625,152.29600524902344,0.005357000045478344
2018-04-29,9419.080078125,688.8809814453125,153.63099670410156,0.005458999890834093
2018-04-30,9240.5498046875,669.9240112304688,148.4770050048828,0.005210000090301037
2018-05-01,9119.009765625,673.6129760742188,148.48800659179688,0.005144000053405762
2018-05-02,9235.919921875,687.1489868164062,151.57699584960938,0.005272999871522188
2018-05-03,9743.8603515625,779.5430297851562,161.45899963378906,0.0056409998796880245
2018-05-04,9700.759765625,785.6240234375,168.78799438476562,0.005268999841064215
2018-05-05,9858.150390625,816.1199951171875,177.76199340820312,0.005179999861866236
2018-05-06,9654.7998046875,792.3109741210938,171.8000030517578,0.004970000125467777
2018-05-07,9373.009765625,753.7249755859375,164.87899780273438,0.00481700012460351
2018-05-08,9234.8203125,752.8569946289062,159.61700439453125,0.005303000099956989
2018-05-09,9325.1796875,752.2750244140625,157.05499267578125,0.0050929998978972435
2018-05-10,9043.9404296875,727.2769775390625,149.86900329589844,0.0048699998296797276
2018-05-11,8441.490234375,679.5859985351562,137.11700439453125,0.004362000152468681
2018-05-12,8504.8896484375,686.0479736328125,141.8820037841797,0.004472999833524227
2018-05-13,8723.9404296875,733.4959716796875,144.58799743652344,0.004329000134021044
2018-05-14,8716.7900390625,730.5490112304688,147.71400451660156,0.004459999967366457
2018-05-15,8510.3798828125,708.8709716796875,139.8800048828125,0.004515000153332949
2018-05-16,8368.830078125,707.0499877929688,139.26800537109375,0.004385000094771385
2018-05-17,8094.31982421875,672.656982421875,132.7729949951172,0.004188000224530697
2018-05-18,8250.9697265625,694.3670043945312,136.0570068359375,0.004017000086605549
2018-05-19,8247.1796875,696.530029296875,135.32000732421875,0.0042860000394284725
2018-05-20,8513.25,715.3690185546875,139.697998046875,0.004422999918460846
2018-05-21,8418.990234375,699.2219848632812,134.50900268554688,0.004271000158041716
2018-05-22,8041.77978515625,647.7410278320312,128.67599487304688,0.0038509999867528677
2018-05-23,7557.81982421875,583.5850219726562,119.31400299072266,0.0035910001024603844
2018-05-24,7587.33984375,601.7550048828125,122.61299896240234,0.0034990001004189253
2018-05-25,7480.14013671875,586.7340087890625,119.44200134277344,0.003513999981805682
2018-05-26,7355.8798828125,587.280029296875,118.2770004272461,0.0034630000591278076
2018-05-27,7368.22021484375,572.6680297851562,117.99199676513672,0.00342399999499321
2018-05-28,7135.990234375,516.0360107421875,111.5979995727539,0.0032259998843073845
2018-05-29,7472.58984375,565.3880004882812,119.56800079345703,0.0034370000939816236
2018-05-30,7406.52001953125,559.5900268554688,117.53299713134766,0.0033539999276399612
2018-05-31,7494.169921875,577.64501953125,118.0739974975586,0.003398000029847026
2018-06-01,7541.4501953125,580.0430297851562,119.91500091552734,0.0034229999873787165
2018-06-02,7643.4501953125,591.8079833984375,123.30699920654297,0.003558000084012747
2018-06-03,7720.25,618.3289794921875,125.5,0.0036899999249726534
2018-06-04,7514.47021484375,592.9849853515625,119.90299987792969,0.003531999886035919
2018-06-05,7633.759765625,609.302978515625,121.70099639892578,0.0036539998836815357
2018-06-06,7653.97998046875,607.1240234375,121.18299865722656,0.0037869999650865793
2018-06-07,7678.240234375,605.18701171875,121.4260025024414,0.0037320000119507313
2018-06-08,7624.919921875,601.0770263671875,120.08399963378906,0.0036589999217540026
2018-06-09,7531.97998046875,597.56201171875,117.74099731445312,0.0035929998848587275
2018-06-10,6786.02001953125,526.47900390625,107.04399871826172,0.0031820000149309635
2018-06-11,6906.919921875,533.2839965820312,107.51599884033203,0.0032339999452233315
2018-06-12,6582.35986328125,496.8429870605469,100.75199890136719,0.003089000005275011
2018-06-13,6349.89990234375,477.4939880371094,94.07559967041016,0.0028170000296086073
2018-06-14,6675.35009765625,519.7420043945312,101.15399932861328,0.0029440000653266907
2018-06-15,6456.580078125,491.0039978027344,96.6760025024414,0.0029009999707341194
2018-06-16,6550.16015625,499.6419982910156,97.5770034790039,0.002894999925047159
2018-06-17,6499.27001953125,500.447998046875,96.10260009765625,0.0028729999903589487
2018-06-18,6734.81982421875,518.8909912109375,98.81900024414062,0.0030269999988377094
2018-06-19,6769.93994140625,537.9569702148438,98.83769989013672,0.0030330000445246696
2018-06-20,6776.5498046875,536.2680053710938,97.99349975585938,0.003020999953150749
2018-06-21,6729.740234375,527.3670043945312,96.92549896240234,0.0029879999347031116
2018-06-22,6083.68994140625,465.8169860839844,85.07589721679688,0.0026680000592023134
2018-06-23,6162.47998046875,474.5199890136719,82.60369873046875,0.002641000086441636
2018-06-24,6173.22998046875,457.6719970703125,80.777099609375,0.0025100000202655792
2018-06-25,6249.18017578125,460.30999755859375,81.8333969116211,0.0024850000627338886
2018-06-26,6093.669921875,432.7720031738281,76.86669921875,0.002478000009432435
2018-06-27,6157.1298828125,442.364990234375,80.65969848632812,0.0024369999300688505
2018-06-28,5903.43994140625,422.364990234375,74.92980194091797,0.002357000019401312
2018-06-29,6218.2998046875,436.0090026855469,78.7688980102539,0.0024270000867545605
2018-06-30,6404.0,455.17999267578125,81.3740005493164,0.002498999936506152
2018-07-01,6385.81982421875,453.9179992675781,80.2428970336914,0.002489000093191862
2018-07-02,6614.18017578125,475.34698486328125,85.2571029663086,0.0027030000928789377
2018-07-03,6529.58984375,464.19500732421875,85.10130310058594,0.002638000063598156
2018-07-04,6597.5498046875,467.3179931640625,85.49400329589844,0.00267999991774559
2018-07-05,6639.14013671875,474.4119873046875,83.76000213623047,0.002598999999463558
2018-07-06,6673.5,474.0119934082031,83.37809753417969,0.0025969999842345715
2018-07-07,6856.93017578125,491.6600036621094,86.20189666748047,0.002644999884068966
2018-07-08,6773.8798828125,489.1189880371094,82.39600372314453,0.0026110000908374786
2018-07-09,6741.75,476.6820068359375,80.85759735107422,0.0026030000299215317
2018-07-10,6329.9501953125,434.42401123046875,76.08350372314453,0.0024109999649226665
2018-07-11,6394.7099609375,446.51800537109375,78.69989776611328,0.0024250000715255737
2018-07-12,6228.81005859375,430.0740051269531,76.80860137939453,0.0023060000967234373
2018-07-13,6238.0498046875,434.0270080566406,76.94249725341797,0.0023320000618696213
2018-07-14,6276.1201171875,436.08599853515625,76.72239685058594,0.0023620000574737787
2018-07-15,6359.64013671875,449.8500061035156,78.93900299072266,0.0023799999617040157
2018-07-16,6741.75,480.6579895019531,84.59590148925781,0.0028540000785142183
2018-07-17,7321.0400390625,501.00201416015625,89.80609893798828,0.0032279998995363712
2018-07-18,7370.77978515625,480.51300048828125,86.96209716796875,0.0037120000924915075
2018-07-19,7466.85986328125,469.6189880371094,86.6677017211914,0.003843999933451414
2018-07-20,7354.1298828125,450.697998046875,82.75460052490234,0.0034099998883903027
2018-07-21,7419.2900390625,462.4360046386719,84.46389770507812,0.003269999986514449
2018-07-22,7418.490234375,459.6570129394531,83.15619659423828,0.0034580000210553408
2018-07-23,7711.10986328125,450.8529968261719,82.43319702148438,0.0034310000482946634
2018-07-24,8424.26953125,479.37298583984375,89.28520202636719,0.0036200000904500484
2018-07-25,8181.39013671875,472.4930114746094,86.28170013427734,0.0035429999697953463
2018-07-26,7951.580078125,464.0369873046875,84.02749633789062,0.003392999991774559
2018-07-27,8165.009765625,469.6659851074219,84.4636001586914,0.0034179999493062496
2018-07-28,8192.150390625,466.89801025390625,83.6240005493164,0.0034000000450760126
2018-07-29,8218.4599609375,466.6650085449219,84.08409881591797,0.00330700003542006
2018-07-30,8180.47998046875,457.08099365234375,82.84989929199219,0.0032730000093579292
2018-07-31,7780.43994140625,433.86700439453125,79.70230102539062,0.002945000072941184
2018-08-01,7624.91015625,420.74700927734375,77.85559844970703,0.003160000080242753
2018-08-02,7567.14990234375,412.6210021972656,76.13880157470703,0.0029460000805556774
2018-08-03,7434.39013671875,418.2619934082031,77.5354995727539,0.0029180001001805067
2018-08-04,7032.85009765625,407.25201416015625,73.19869995117188,0.002744999947026372
2018-08-05,7068.47998046875,410.5159912109375,74.58940124511719,0.002836999949067831
2018-08-06,6951.7998046875,406.6579895019531,73.88829803466797,0.002778999973088503
2018-08-07,6753.1201171875,380.2149963378906,68.17030334472656,0.0026710000820457935
2018-08-08,6305.7998046875,356.6130065917969,62.49039840698242,0.00241499999538064
2018-08-09,6568.22998046875,365.5880126953125,63.98080062866211,0.0025549998972564936
2018-08-10,6184.7099609375,334.1759948730469,59.39400100708008,0.002392000053077936
2018-08-11,6295.72998046875,322.11199951171875,58.359100341796875,0.002403999911621213
2018-08-12,6322.68994140625,319.57000732421875,59.32809829711914,0.002403999911621213
2018-08-13,6297.56982421875,286.4949951171875,56.848201751708984,0.002331000054255128
2018-08-14,6199.7099609375,278.9320068359375,54.55939865112305,0.002259999979287386
2018-08-15,6308.52001953125,282.364013671875,54.50040054321289,0.002303000073879957
2018-08-16,6334.72998046875,288.0459899902344,55.361900329589844,0.00229199999012053
2018-08-17,6580.6298828125,315.72900390625,61.514400482177734,0.002455000067129731
2018-08-18,6423.759765625,295.81201171875,57.275699615478516,0.002394000068306923
2018-08-19,6506.06982421875,300.8340148925781,57.93899917602539,0.002472999971359968
2018-08-20,6308.52978515625,274.31500244140625,53.99620056152344,0.0023690001107752323
2018-08-21,6488.759765625,281.9440002441406,56.35020065307617,0.0024240000639110804
2018-08-22,6376.7099609375,271.34100341796875,55.318599700927734,0.002314999932423234
2018-08-23,6534.8798828125,277.10400390625,57.543399810791016,0.0023849999997764826
2018-08-24,6719.9599609375,282.9670104980469,57.9297981262207,0.002426000079140067
2018-08-25,6763.18994140625,279.64599609375,57.907901763916016,0.002369999885559082
2018-08-26,6707.259765625,275.1969909667969,57.33409881591797,0.002403999911621213
2018-08-27,6884.64013671875,285.6029968261719,60.249900817871094,0.002461999887600541
2018-08-28,7096.27978515625,296.4989929199219,63.02439880371094,0.002607000060379505
2018-08-29,7047.16015625,289.31201171875,61.7672004699707,0.002606000052765012
2018-08-30,6978.22998046875,284.1050109863281,60.31520080566406,0.0032059999648481607
2018-08-31,7037.580078125,283.0039978027344,61.925498962402344,0.004794000182300806
2018-09-01,7193.25,295.34100341796875,65.95099639892578,0.0062779998406767845
2018-09-02,7272.72021484375,294.3710021972656,65.64939880371094,0.004999000113457441
2018-09-03,7260.06005859375,289.2590026855469,65.37319946289062,0.005266000051051378
2018-09-04,7361.66015625,285.7229919433594,67.70989990234375,0.005268999841064215
2018-09-05,6792.830078125,232.33099365234375,58.43769836425781,0.0049310000613331795
2018-09-06,6529.169921875,230.21499633789062,57.48619842529297,0.005009999964386225
2018-09-07,6467.06982421875,217.2030029296875,56.19779968261719,0.005307000130414963
2018-09-08,6225.97998046875,197.9510040283203,53.244598388671875,0.005692000035196543
2018-09-09,6300.85986328125,196.9239959716797,54.924198150634766,0.005828999914228916
2018-09-10,6329.7001953125,197.07899475097656,54.59579849243164,0.006891999859362841
2018-09-11,6321.2001953125,185.0659942626953,52.3672981262207,0.006328999996185303
2018-09-12,6351.7998046875,183.33099365234375,51.65660095214844,0.006455000024288893
2018-09-13,6517.31005859375,211.35400390625,54.536399841308594,0.006554000079631805
2018-09-14,6512.7099609375,211.74899291992188,56.576499938964844,0.006180000025779009
2018-09-15,6543.2001953125,223.07400512695312,56.71310043334961,0.006165000144392252
2018-09-16,6517.18017578125,220.58900451660156,56.97269821166992,0.0065310001373291016
2018-09-17,6281.2001953125,197.875,52.54050064086914,0.00624299980700016
2018-09-18,6371.2998046875,209.97500610351562,54.097198486328125,0.005981000140309334
2018-09-19,6398.5400390625,209.968994140625,54.33449935913086,0.005609000101685524
2018-09-20,6519.669921875,224.59100341796875,56.6343994140625,0.005694999825209379
2018-09-21,6734.9501953125,246.58399963378906,60.722801208496094,0.005683999974280596
2018-09-22,6721.97998046875,240.47999572753906,60.43659973144531,0.005758000072091818
2018-09-23,6710.6298828125,244.3300018310547,61.36640167236328,0.0059009999968111515
2018-09-24,6595.41015625,228.72999572753906,57.96910095214844,0.005677000153809786
2018-09-25,6446.47021484375,218.5050048828125,57.537601470947266,0.0056859999895095825
2018-09-26,6495.0,215.8470001220703,57.39550018310547,0.005694999825209379
2018-09-27,6676.75,228.49400329589844,62.979400634765625,0.005878999829292297
2018-09-28,6644.1298828125,222.40199279785156,61.89509963989258,0.005830999929457903
2018-09-29,6601.9599609375,231.63499450683594,61.60689926147461,0.0058650001883506775
2018-09-30,6625.56005859375,232.84800720214844,61.14189910888672,0.005905999802052975
2018-10-01,6589.6201171875,230.76800537109375,60.208099365234375,0.005942000076174736
2018-10-02,6556.10009765625,227.18099975585938,59.70539855957031,0.005824000108987093
2018-10-03,6502.58984375,220.48899841308594,57.477500915527344,0.005704000126570463
2018-10-04,6576.68994140625,222.21800231933594,58.27949905395508,0.005644999910145998
2018-10-05,6622.47998046875,227.6009979248047,58.76620101928711,0.005669000092893839
2018-10-06,6588.31005859375,225.1199951171875,57.84410095214844,0.005545000080019236
2018-10-07,6602.9501953125,226.11900329589844,58.160301208496094,0.005561999976634979
2018-10-08,6652.22998046875,229.2550048828125,59.412601470947266,0.005578000098466873
2018-10-09,6642.64013671875,227.98199462890625,58.71329879760742,0.005634999834001064
2018-10-10,6585.52978515625,225.7689971923828,57.9818000793457,0.0055519999004900455
2018-10-11,6256.240234375,189.49899291992188,51.233001708984375,0.004999999888241291
2018-10-12,6274.580078125,196.7270050048828,53.551700592041016,0.005247000139206648
2018-10-13,6285.990234375,199.84100341796875,53.45180130004883,0.0051819998770952225
2018-10-14,6290.93017578125,195.71499633789062,52.187400817871094,0.005158000160008669
2018-10-15,6596.5400390625,209.70399475097656,54.879600524902344,0.005218000151216984
2018-10-16,6596.10986328125,210.1199951171875,54.068199157714844,0.005016999784857035
2018-10-17,6544.43017578125,207.08299255371094,53.67210006713867,0.004598999861627817
2018-10-18,6476.7099609375,203.3520050048828,52.52690124511719,0.004385999869555235
2018-10-19,6465.41015625,203.7270050048828,53.02009963989258,0.004470000043511391
2018-10-20,6489.18994140625,205.42999267578125,53.36280059814453,0.004550999961793423
2018-10-21,6482.35009765625,205.14199829101562,52.91579818725586,0.004517000168561935
2018-10-22,6487.16015625,204.04400634765625,52.20389938354492,0.004366000182926655
2018-10-23,6475.740234375,204.33599853515625,52.54130172729492,0.004172000102698803
2018-10-24,6495.83984375,203.8520050048828,52.51499938964844,0.003911000210791826
2018-10-25,6476.2900390625,202.718994140625,52.23460006713867,0.0037169998977333307
2018-10-26,6474.75,203.32899475097656,52.098899841308594,0.003984000068157911
2018-10-27,6480.3798828125,204.2100067138672,51.93199920654297,0.004195000045001507
2018-10-28,6486.39013671875,205.36599731445312,51.9375,0.004062999971210957
2018-10-29,6332.6298828125,197.2469940185547,49.0713996887207,0.0038469999562948942
2018-10-30,6334.27001953125,197.55599975585938,49.23910140991211,0.0038499999791383743
2018-10-31,6317.60986328125,197.38099670410156,49.44150161743164,0.0037640000227838755
2018-11-01,6377.77978515625,198.8719940185547,50.27190017700195,0.0037769998889416456
2018-11-02,6388.43994140625,200.63499450683594,51.3306999206543,0.003773000091314316
2018-11-03,6361.259765625,200.18600463867188,50.9734001159668,0.0037330000195652246
2018-11-04,6376.1298828125,207.48599243164062,53.61249923706055,0.00367600005120039
2018-11-05,6419.66015625,209.09100341796875,53.54629898071289,0.003622000105679035
2018-11-06,6461.009765625,218.45199584960938,55.945098876953125,0.0036959999706596136
2018-11-07,6530.14013671875,217.18299865722656,54.188899993896484,0.003636999987065792
2018-11-08,6453.72021484375,212.2310028076172,52.3734016418457,0.0033839999232441187
2018-11-09,6385.6201171875,210.07400512695312,51.895999908447266,0.0031399999279528856
2018-11-10,6409.22021484375,212.5330047607422,52.401798248291016,0.0032850001007318497
2018-11-11,6411.27001953125,211.33999633789062,51.364898681640625,0.0031620000954717398
2018-11-12,6371.27001953125,210.41799926757812,50.64820098876953,0.0030640000477433205
2018-11-13,6359.490234375,206.8260040283203,49.69660186767578,0.002945000072941184
2018-11-14,5738.35009765625,181.39700317382812,43.610801696777344,0.0026950000319629908
2018-11-15,5648.02978515625,180.80599975585938,43.948299407958984,0.00279999990016222
2018-11-16,5575.5498046875,175.177001953125,42.458900451660156,0.0027459999546408653
2018-11-17,5554.330078125,174.00100708007812,41.92890167236328,0.0025949999690055847
2018-11-18,5623.5400390625,177.06700134277344,42.32789993286133,0.002643000101670623
2018-11-19,4871.490234375,149.1750030517578,36.6411018371582,0.00241800001822412
2018-11-20,4451.8701171875,130.33900451660156,33.0442008972168,0.0022539999336004257
2018-11-21,4602.169921875,136.7010040283203,34.67060089111328,0.0024480000138282776
2018-11-22,4365.93994140625,126.70600128173828,32.195098876953125,0.00241199997253716
2018-11-23,4347.10986328125,123.2959976196289,32.159698486328125,0.0023610000498592854
2018-11-24,3880.760009765625,113.49400329589844,29.21769905090332,0.0022239999379962683
2018-11-25,4009.969970703125,116.44999694824219,30.892200469970703,0.002219999907538295
2018-11-26,3779.1298828125,108.33499908447266,29.410999298095703,0.0020989999175071716
2018-11-27,3820.719970703125,110.01000213623047,31.06879997253418,0.002087000058963895
2018-11-28,4257.419921875,122.43800354003906,34.6265983581543,0.0022460001055151224
2018-11-29,4278.8466796875,117.54264831542969,33.797447204589844,0.0022410000674426556
2018-11-30,4017.2685546875,113.17141723632812,32.064762115478516,0.0021649999544024467
2018-12-01,4214.671875,118.63555908203125,34.340736389160156,0.0022499999031424522
2018-12-02,4139.8779296875,116.38890075683594,33.71315002441406,0.0022460001055151224
2018-12-03,3894.130859375,108.92501831054688,31.07280158996582,0.0023709998931735754
2018-12-04,3956.893798828125,110.21418762207031,31.186124801635742,0.0021959999576210976
2018-12-05,3753.994873046875,102.47555541992188,29.295238494873047,0.0021800000686198473
2018-12-06,3521.101806640625,91.76105499267578,26.943660736083984,0.002096999902278185
2018-12-07,3419.937255859375,93.29456329345703,25.272584915161133,0.0021039999555796385
2018-12-08,3476.11474609375,92.15963745117188,24.864017486572266,0.0021200000774115324
2018-12-09,3614.234375,95.14205932617188,25.947023391723633,0.0021019999403506517
2018-12-10,3502.656005859375,91.68565368652344,24.617799758911133,0.002099999925121665
2018-12-11,3424.588134765625,88.94530487060547,23.802383422851562,0.002088000066578388
2018-12-12,3486.9501953125,90.59329986572266,24.49382972717285,0.002111000008881092
2018-12-13,3313.67724609375,86.53931427001953,23.668861389160156,0.0020649998914450407
2018-12-14,3242.48486328125,84.30829620361328,23.464330673217773,0.0020699999295175076
2018-12-15,3236.76171875,84.44081115722656,23.782424926757812,0.002113000024110079
2018-12-16,3252.839111328125,85.26210021972656,25.597209930419922,0.0021250001154839993
2018-12-17,3545.86474609375,95.13382720947266,29.268890380859375,0.002532999962568283
2018-12-18,3696.05908203125,101.11245727539062,30.14215660095215,0.0026839999482035637
2018-12-19,3745.95068359375,101.2685775756836,29.68278694152832,0.0027199999894946814
2018-12-20,4134.44140625,116.21687316894531,32.816871643066406,0.0027310000732541084
2018-12-21,3896.543701171875,109.49623107910156,30.79661750793457,0.0025450000539422035
2018-12-22,4014.1826171875,116.7594985961914,31.855911254882812,0.0025019999593496323
2018-12-23,3998.980224609375,130.7652587890625,33.45967483520508,0.0025420000310987234
2018-12-24,4078.59912109375,140.23800659179688,33.1966667175293,0.0025400000158697367
2018-12-25,3815.49072265625,129.84434509277344,31.134328842163086,0.002403999911621213
2018-12-26,3857.297607421875,131.86563110351562,30.98590087890625,0.0024739999789744616
2018-12-27,3654.83349609375,116.57591247558594,28.29450798034668,0.0023640000727027655
2018-12-28,3923.918701171875,137.6470184326172,32.51082992553711,0.0024339999072253704
2018-12-29,3820.40869140625,138.01834106445312,31.56500244140625,0.0024029999040067196
2018-12-30,3865.95263671875,139.8594512939453,31.976516723632812,0.0023670000955462456
2018-12-31,3742.700439453125,133.36825561523438,30.468223571777344,0.002345999935641885
2019-01-01,3843.52001953125,140.8194122314453,31.979930877685547,0.002392000053077936
2019-01-02,3943.409423828125,155.0476837158203,33.43368148803711,0.002406999934464693
2019-01-03,3836.7412109375,149.135009765625,32.02669906616211,0.002360000042244792
2019-01-04,3857.717529296875,154.58193969726562,32.40416717529297,0.002314999932423234
2019-01-05,3845.194580078125,155.6385955810547,34.936866760253906,0.0023189999628812075
2019-01-06,4076.632568359375,157.74620056152344,39.29885482788086,0.002328000031411648
2019-01-07,4025.248291015625,151.69921875,37.8062744140625,0.0022849999368190765
2019-01-08,4030.847900390625,150.35963439941406,39.47971725463867,0.00227600010111928
2019-01-09,4035.29638671875,150.80311584472656,38.98553466796875,0.002266000024974346
2019-01-10,3678.924560546875,128.62518310546875,33.86600875854492,0.002131999935954809
2019-01-11,3687.365478515625,127.54832458496094,32.32762908935547,0.002128999913111329
2019-01-12,3661.301025390625,125.9665298461914,32.38442611694336,0.002148000057786703
2019-01-13,3552.953125,116.8978042602539,30.332897186279297,0.0020940001122653484
2019-01-14,3706.05224609375,129.0687255859375,32.35824203491211,0.0021830000914633274
2019-01-15,3630.67529296875,122.03271484375,31.507068634033203,0.002111000008881092
2019-01-16,3655.0068359375,123.54706573486328,31.82341766357422,0.0021379999816417694
2019-01-17,3678.56396484375,123.7419204711914,31.88865089416504,0.0020940001122653484
2019-01-18,3657.83935546875,121.01026153564453,31.311487197875977,0.0021059999708086252
2019-01-19,3728.568359375,124.5190200805664,32.550724029541016,0.00215300009585917
2019-01-20,3601.013671875,119.4748306274414,31.176406860351562,0.002119000069797039
2019-01-21,3576.032470703125,117.15785217285156,31.21286964416504,0.0021009999327361584
2019-01-22,3604.5771484375,118.74755096435547,31.684425354003906,0.0020570000633597374
2019-01-23,3585.123046875,117.45260620117188,32.001956939697266,0.00204299995675683
2019-01-24,3600.865478515625,117.36288452148438,32.77610778808594,0.0020389999262988567
2019-01-25,3599.765869140625,116.37834167480469,32.9818115234375,0.0021180000621825457
2019-01-26,3602.46044921875,116.48873901367188,33.1505241394043,0.0020830000285059214
2019-01-27,3583.9658203125,113.40528869628906,32.59283447265625,0.00202700006775558
2019-01-28,3470.450439453125,106.58997344970703,31.19925880432129,0.0019440000178292394
2019-01-29,3448.116943359375,105.59821319580078,31.097110748291016,0.001927000004798174
2019-01-30,3486.181640625,108.90753936767578,31.930953979492188,0.001961000030860305
2019-01-31,3457.792724609375,107.0610122680664,31.652175903320312,0.0019249999895691872
2019-02-01,3487.9453125,107.60978698730469,32.82707977294922,0.0019160000374540687
2019-02-02,3521.060791015625,110.43025970458984,34.39482879638672,0.0019359999569132924
2019-02-03,3464.013427734375,107.49266815185547,33.43925476074219,0.0019039999460801482
2019-02-04,3459.154052734375,107.82160186767578,34.10862731933594,0.001896000001579523
2019-02-05,3466.357421875,107.44351959228516,34.25664520263672,0.001888000057078898
2019-02-06,3413.767822265625,104.9192886352539,32.932987213134766,0.0018660000059753656
2019-02-07,3399.4716796875,104.5353012084961,33.22241973876953,0.0018449999624863267
2019-02-08,3666.7802734375,119.26774597167969,43.4647216796875,0.001955999992787838
2019-02-09,3671.20361328125,119.4308853149414,44.790283203125,0.0019490000559017062
2019-02-10,3690.188232421875,124.80648803710938,46.82740783691406,0.0019460000330582261
2019-02-11,3648.4306640625,121.29839324951172,43.18254089355469,0.001905999961309135
2019-02-12,3653.528564453125,122.5722885131836,43.92864227294922,0.0018939999863505363
2019-02-13,3632.070556640625,122.55360412597656,41.997642517089844,0.001892999978736043
2019-02-14,3616.880859375,121.39020538330078,41.64054870605469,0.0018970000091940165
2019-02-15,3620.810791015625,122.10038757324219,42.699668884277344,0.0019079999765381217
2019-02-16,3629.78759765625,123.26021575927734,43.59476089477539,0.0019239999819546938
2019-02-17,3673.836181640625,133.598876953125,43.928367614746094,0.0019920000340789557
2019-02-18,3915.71435546875,146.09837341308594,48.043174743652344,0.002114000031724572
2019-02-19,3947.094482421875,145.34619140625,47.86467742919922,0.0020669999066740274
2019-02-20,3999.820556640625,149.55433654785156,51.78596496582031,0.002078999998047948
2019-02-21,3954.1181640625,146.13084411621094,49.1515998840332,0.0020280000753700733
2019-02-22,4005.526611328125,149.0924530029297,49.80573272705078,0.002056000055745244
2019-02-23,4142.52685546875,158.79542541503906,51.68092727661133,0.0020830000285059214
2019-02-24,3810.427490234375,135.8526611328125,44.678592681884766,0.001973999897018075
2019-02-25,3882.6962890625,139.82286071777344,46.21306610107422,0.00203000009059906
2019-02-26,3854.35791015625,138.0896759033203,45.49113082885742,0.0020230000372976065
2019-02-27,3851.04736328125,136.12596130371094,45.581424713134766,0.002019000006839633
2019-02-28,3854.785400390625,136.74624633789062,46.23725509643555,0.0019759999122470617
2019-03-01,3859.583740234375,136.44361877441406,47.487239837646484,0.0019940000493079424
2019-03-02,3864.4150390625,134.2069549560547,49.01536560058594,0.002002999885007739
2019-03-03,3847.17578125,132.24942016601562,48.38032150268555,0.0019990000873804092
2019-03-04,3761.55712890625,127.77412414550781,46.43203353881836,0.001981999957934022
2019-03-05,3896.375,137.8223876953125,53.1324577331543,0.001984999980777502
2019-03-06,3903.942626953125,138.7893524169922,55.784278869628906,0.0019829999655485153
2019-03-07,3911.484375,138.0345001220703,57.18903350830078,0.0019910000264644623
2019-03-08,3901.131591796875,135.1270751953125,56.09954833984375,0.001979999942705035
2019-03-09,3963.313720703125,137.96533203125,58.086891174316406,0.001998000079765916
2019-03-10,3951.599853515625,136.75868225097656,57.18186569213867,0.0019990000873804092
2019-03-11,3905.227294921875,133.8340301513672,55.42021560668945,0.0019660000689327717
2019-03-12,3909.15625,134.44288635253906,56.99705505371094,0.0020119999535381794
2019-03-13,3906.71728515625,133.26307678222656,55.93318557739258,0.002025000052526593
2019-03-14,3924.369140625,133.7115936279297,56.58418273925781,0.0020389999262988567
2019-03-15,3960.9111328125,137.69178771972656,58.9892578125,0.002047999994829297
2019-03-16,4048.725830078125,142.39817810058594,61.84475326538086,0.002076999982818961
2019-03-17,4025.22900390625,140.00054931640625,61.243778228759766,0.0020810000132769346
2019-03-18,4032.50732421875,139.37460327148438,60.26480484008789,0.0020830000285059214
2019-03-19,4071.190185546875,140.51919555664062,60.61556625366211,0.0020910000894218683
2019-03-20,4087.476318359375,140.6863555908203,60.8465461730957,0.002061000093817711
2019-03-21,4029.326904296875,136.6360626220703,59.378326416015625,0.0020540000405162573
2019-03-22,4023.96826171875,137.1814422607422,59.82400131225586,0.0020520000252872705
2019-03-23,4035.826416015625,138.2398681640625,61.34861373901367,0.0020639998838305473
2019-03-24,4022.168212890625,136.98692321777344,60.223876953125,0.0020540000405162573
2019-03-25,3963.070556640625,135.03102111816406,59.49673843383789,0.00204299995675683
2019-03-26,3985.080810546875,135.46035766601562,59.343528747558594,0.0020540000405162573
2019-03-27,4087.066162109375,140.9881591796875,62.25143051147461,0.002085000043734908
2019-03-28,4069.107177734375,139.41647338867188,61.17048645019531,0.002073999959975481
2019-03-29,4098.37451171875,142.49742126464844,61.301612854003906,0.002087000058963895
2019-03-30,4106.66015625,142.09268188476562,60.62196350097656,0.0020800000056624413
2019-03-31,4105.404296875,141.51409912109375,60.75539779663086,0.0020800000056624413
2019-04-01,4158.18310546875,141.830322265625,60.67799377441406,0.0024610001128166914
2019-04-02,4879.8779296875,163.9617462158203,76.1932601928711,0.002795000094920397
2019-04-03,4973.02197265625,161.45880126953125,84.92193603515625,0.0031640001107007265
2019-04-04,4922.798828125,158.0525360107422,84.98090362548828,0.003696999978274107
2019-04-05,5036.68115234375,165.5148468017578,88.67786407470703,0.003590000094845891
2019-04-06,5059.8173828125,165.94720458984375,92.57341766357422,0.0034390001092106104
2019-04-07,5198.89697265625,174.53164672851562,92.31237030029297,0.0034179999493062496
2019-04-08,5289.77099609375,180.25881958007812,89.4930419921875,0.0030449999030679464
2019-04-09,5204.95849609375,176.1145782470703,86.7869644165039,0.0028840000741183758
2019-04-10,5324.5517578125,177.3374786376953,88.37773895263672,0.003020999953150749
2019-04-11,5064.48779296875,165.4970245361328,79.67799377441406,0.0027890000492334366
2019-04-12,5089.5390625,164.736328125,78.96395874023438,0.002856000093743205
2019-04-13,5096.58642578125,164.5133514404297,78.22130584716797,0.0028719999827444553
2019-04-14,5167.72216796875,167.83851623535156,82.9375228881836,0.002882000058889389
2019-04-15,5067.1083984375,161.5741729736328,79.05470275878906,0.00279000005684793
2019-04-16,5235.5595703125,167.62344360351562,81.34928131103516,0.0028349999338388443
2019-04-17,5251.93798828125,166.9507598876953,79.32746887207031,0.0028099999763071537
2019-04-18,5298.3857421875,173.81402587890625,82.07487487792969,0.0029460000805556774
2019-04-19,5303.8125,173.70843505859375,82.56922149658203,0.0028929999098181725
2019-04-20,5337.88623046875,173.7512664794922,81.51249694824219,0.002901999978348613
2019-04-21,5314.53125,170.04652404785156,77.33155822753906,0.0027600000612437725
2019-04-22,5399.365234375,171.87466430664062,76.94807434082031,0.0027979998849332333
2019-04-23,5572.3623046875,171.4477996826172,74.84502410888672,0.0027719999197870493
2019-04-24,5464.86669921875,165.8260955810547,73.30894470214844,0.002598999999463558
2019-04-25,5210.515625,154.4593963623047,71.24811553955078,0.0025059999898076057
2019-04-26,5279.34814453125,156.3470916748047,73.11534881591797,0.0025190000887960196
2019-04-27,5268.291015625,158.4349365234375,72.12090301513672,0.0025160000659525394
2019-04-28,5285.13916015625,157.29507446289062,69.72679901123047,0.0025309999473392963
2019-04-29,5247.3525390625,155.20199584960938,67.96038055419922,0.0024659999180585146
2019-04-30,5350.7265625,162.16603088378906,74.28087615966797,0.0025130000431090593
2019-05-01,5402.697265625,160.81834411621094,73.65776824951172,0.0025210001040250063
2019-05-02,5505.28369140625,162.12278747558594,73.77717590332031,0.0026110000908374786
2019-05-03,5768.28955078125,167.95240783691406,79.32653045654297,0.0027209999971091747
2019-05-04,5831.16748046875,164.02658081054688,78.0638427734375,0.00267999991774559
2019-05-05,5795.70849609375,163.45069885253906,75.98436737060547,0.002652999944984913
2019-05-06,5746.80712890625,172.65321350097656,74.98275756835938,0.0025420000310987234
2019-05-07,5829.50146484375,169.7986602783203,74.69300079345703,0.002535999985411763
2019-05-08,5982.45751953125,170.9481658935547,74.62028503417969,0.0025369999930262566
2019-05-09,6174.52880859375,170.289306640625,74.17713928222656,0.0024999999441206455
2019-05-10,6378.84912109375,173.1427459716797,77.1666488647461,0.0025220001116394997
2019-05-11,7204.771484375,194.30433654785156,89.22225952148438,0.0027540000155568123
2019-05-12,6972.37158203125,187.3253173828125,84.56551361083984,0.0026650000363588333
2019-05-13,7814.9150390625,196.84628295898438,88.05823516845703,0.002756000030785799
2019-05-14,7994.416015625,217.14857482910156,91.62040710449219,0.003068000078201294
2019-05-15,8205.16796875,247.15306091308594,101.74456787109375,0.0033080000430345535
2019-05-16,7884.9091796875,264.010009765625,95.58558654785156,0.0031679999083280563
2019-05-17,7343.8955078125,243.76458740234375,88.99523162841797,0.0029619999695569277
2019-05-18,7271.2080078125,234.59523010253906,86.70018768310547,0.003005000064149499
2019-05-19,8197.689453125,261.2922058105469,95.32119750976562,0.00317799998447299
2019-05-20,7978.30908203125,251.86441040039062,91.4936752319336,0.0030410001054406166
2019-05-21,7963.32763671875,255.21588134765625,91.50775146484375,0.003085999982431531
2019-05-22,7680.06640625,244.69891357421875,88.2105712890625,0.002939000027254224
2019-05-23,7881.8466796875,245.96566772460938,89.17677307128906,0.0029609999619424343
2019-05-24,7987.37158203125,249.4849853515625,99.90303039550781,0.0029949999880045652
2019-05-25,8052.5439453125,251.75987243652344,102.67231750488281,0.0029909999575465918
2019-05-26,8673.2158203125,267.06964111328125,111.4186019897461,0.003092000028118491
2019-05-27,8805.7783203125,272.8626403808594,118.03260040283203,0.003140999935567379
2019-05-28,8719.9619140625,271.7687072753906,114.93115997314453,0.0031479999888688326
2019-05-29,8659.4873046875,269.4556884765625,115.08123016357422,0.0031270000617951155
2019-05-30,8319.47265625,255.85894775390625,108.79557800292969,0.0032579998951405287
2019-05-31,8574.501953125,268.1135559082031,114.53695678710938,0.0034409998916089535
2019-06-01,8564.0166015625,265.3912658691406,112.61927032470703,0.003418999956920743
2019-06-02,8742.9580078125,270.22552490234375,114.70283508300781,0.003398000029847026
2019-06-03,8208.9951171875,252.60792541503906,107.46857452392578,0.003197999903932214
2019-06-04,7707.77099609375,241.3387908935547,102.08782196044922,0.00304200011305511
2019-06-05,7824.2314453125,247.05101013183594,103.84928894042969,0.0030700000934302807
2019-06-06,7822.0234375,249.47433471679688,111.10722351074219,0.0030869999900460243
2019-06-07,8043.951171875,250.93035888671875,117.3744125366211,0.003109999932348728
2019-06-08,7954.1279296875,245.73809814453125,118.55203247070312,0.003083999967202544
2019-06-09,7688.0771484375,233.08670043945312,115.1323013305664,0.003011999884620309
2019-06-10,8000.32958984375,247.52012634277344,129.07144165039062,0.003091000020503998
2019-06-11,7927.71435546875,245.78182983398438,136.0297393798828,0.0030580000020563602
2019-06-12,8145.857421875,260.9032897949219,135.65374755859375,0.0030670000705868006
2019-06-13,8230.923828125,256.1687927246094,131.3517608642578,0.0030739998910576105
2019-06-14,8693.8330078125,264.08746337890625,133.0532684326172,0.0031240000389516354
2019-06-15,8838.375,269.0193176269531,138.12709045410156,0.003157000057399273
2019-06-16,8994.48828125,269.22320556640625,137.12225341796875,0.003186000045388937
2019-06-17,9320.3525390625,274.3511047363281,134.43809509277344,0.0031900000758469105
2019-06-18,9081.7626953125,265.0518493652344,135.1587371826172,0.0031250000465661287
2019-06-19,9273.521484375,269.4317932128906,136.6031951904297,0.0031300000846385956
2019-06-20,9527.16015625,271.69500732421875,135.47984313964844,0.0031610000878572464
2019-06-21,10144.556640625,294.9102783203125,138.88375854492188,0.003223000094294548
2019-06-22,10701.69140625,309.38031005859375,141.90304565429688,0.0032790000550448895
2019-06-23,10855.37109375,307.8277893066406,136.88217163085938,0.00330400001257658
2019-06-24,11011.1025390625,310.4246826171875,135.5327606201172,0.0033680000342428684
2019-06-25,11790.9169921875,318.1263122558594,136.48939514160156,0.0033919999841600657
2019-06-26,13016.2314453125,336.753173828125,131.2650909423828,0.003378999885171652
2019-06-27,11182.806640625,294.26763916015625,114.40476989746094,0.0033289999701082706
2019-06-28,12407.33203125,311.2261047363281,120.15009307861328,0.003490000031888485
2019-06-29,11959.37109375,320.05889892578125,133.66278076171875,0.0034050000831484795
2019-06-30,10817.1552734375,290.69598388671875,122.24911499023438,0.0032579998951405287
2019-07-01,10583.134765625,293.64111328125,122.5837173461914,0.003237999975681305
2019-07-02,10801.677734375,291.596435546875,119.24369812011719,0.003203999949619174
2019-07-03,11961.26953125,303.0999755859375,122.56411743164062,0.0033130000811070204
2019-07-04,11215.4375,284.5232238769531,119.97692108154297,0.0032289999071508646
2019-07-05,10978.4599609375,287.9975280761719,118.35250854492188,0.0038670001085847616
2019-07-06,11208.55078125,287.547119140625,117.82362365722656,0.0035470000002533197
2019-07-07,11450.8466796875,305.7005615234375,120.32087707519531,0.0036329999566078186
2019-07-08,12285.9580078125,313.25140380859375,123.28548431396484,0.00355900009162724
2019-07-09,12573.8125,308.8810119628906,119.43281555175781,0.0035490000154823065
2019-07-10,12156.5126953125,290.0023193359375,108.50025939941406,0.00342399999499321
2019-07-11,11358.662109375,268.70404052734375,102.64430236816406,0.0032430000137537718
2019-07-12,11815.986328125,276.2767028808594,105.30005645751953,0.0033400000538676977
2019-07-13,11392.37890625,269.45880126953125,101.02479553222656,0.003249000059440732
2019-07-14,10256.05859375,227.57806396484375,89.77047729492188,0.0030139998998492956
2019-07-15,10895.08984375,229.7760009765625,90.9229736328125,0.003092000028118491
2019-07-16,9477.6416015625,199.1886749267578,79.49993133544922,0.0028250000905245543
2019-07-17,9693.802734375,211.48497009277344,89.81072235107422,0.0030300000216811895
2019-07-18,10666.482421875,226.566162109375,101.08541870117188,0.0031210000161081553
2019-07-19,10530.732421875,221.3334197998047,98.40265655517578,0.0030590000096708536
2019-07-20,10767.1396484375,229.1192169189453,100.60993957519531,0.003117999993264675
2019-07-21,10599.10546875,225.63076782226562,99.6275863647461,0.0030759999062865973
2019-07-22,10343.1064453125,217.5600128173828,95.41738891601562,0.002997000003233552
2019-07-23,9900.767578125,212.728515625,90.62262725830078,0.0028800000436604023
2019-07-24,9811.92578125,217.04637145996094,94.3096694946289,0.0029150000773370266
2019-07-25,9911.841796875,219.6179962158203,93.44631958007812,0.002920999890193343
2019-07-26,9870.3037109375,219.62960815429688,94.30501556396484,0.002920999890193343
2019-07-27,9477.677734375,207.40830993652344,88.88902282714844,0.0028230000752955675
2019-07-28,9552.8603515625,211.18655395507812,89.76933288574219,0.0028589998837560415
2019-07-29,9519.1455078125,211.26805114746094,90.42642211914062,0.002839999971911311
2019-07-30,9607.423828125,210.52259826660156,90.56694793701172,0.0028170000296086073
2019-07-31,10085.6279296875,218.65414428710938,98.50957489013672,0.0028989999555051327
2019-08-01,10399.6689453125,217.80844116210938,99.17972564697266,0.002956999931484461
2019-08-02,10518.1748046875,217.87156677246094,94.94129180908203,0.0029090000316500664
2019-08-03,10821.7265625,222.49034118652344,94.58087921142578,0.0029120000544935465
2019-08-04,10970.1845703125,222.6697235107422,93.20378112792969,0.0029380000196397305
2019-08-05,11805.6533203125,234.21502685546875,96.83464813232422,0.0030869999900460243
2019-08-06,11478.1689453125,226.02064514160156,93.06971740722656,0.002950000111013651
2019-08-07,11941.96875,226.39100646972656,90.91259765625,0.0030060000717639923
2019-08-08,11966.4072265625,220.94186401367188,90.03160858154297,0.0029279999434947968
2019-08-09,11862.9365234375,210.48890686035156,84.43937683105469,0.0029039999935775995
2019-08-10,11354.0244140625,206.73353576660156,85.41947937011719,0.002841999987140298
2019-08-11,11523.5791015625,216.09286499023438,89.75267028808594,0.0028979999478906393
2019-08-12,11382.6162109375,211.28807067871094,85.74922943115234,0.0028800000436604023
2019-08-13,10895.830078125,208.70904541015625,84.40614318847656,0.0028250000905245543
2019-08-14,10051.7041015625,186.6077423095703,76.06498718261719,0.002722000004723668
2019-08-15,10311.5458984375,188.50205993652344,76.38897705078125,0.0026400000788271427
2019-08-16,10374.3388671875,185.44007873535156,74.92015075683594,0.0026809999253600836
2019-08-17,10231.744140625,185.68768310546875,72.79772186279297,0.0026459998916834593
2019-08-18,10345.810546875,194.4935302734375,76.26995086669922,0.0027230000123381615
2019-08-19,10916.0537109375,203.09193420410156,77.26319122314453,0.0027970001101493835
2019-08-20,10763.232421875,196.56541442871094,75.19656372070312,0.0027630000840872526
2019-08-21,10138.0498046875,186.89163208007812,72.96495056152344,0.002675000112503767
2019-08-22,10131.0556640625,191.33291625976562,73.59859466552734,0.0027000000700354576
2019-08-23,10407.96484375,194.70620727539062,75.40281677246094,0.0027129999361932278
2019-08-24,10159.9609375,191.28956604003906,73.46361541748047,0.00266100000590086
2019-08-25,10138.517578125,186.84239196777344,72.30814361572266,0.002662000013515353
2019-08-26,10370.8203125,188.92938232421875,73.857177734375,0.002678999910131097
2019-08-27,10185.5,187.51666259765625,72.83622741699219,0.0026199999265372753
2019-08-28,9754.4228515625,173.8899688720703,67.42554473876953,0.0025239998940378428
2019-08-29,9510.2001953125,169.51673889160156,64.09805297851562,0.0024500000290572643
2019-08-30,9598.173828125,168.83486938476562,64.33297729492188,0.0024820000398904085
2019-08-31,9630.6640625,172.46978759765625,64.5760498046875,0.0025110000278800726
2019-09-01,9757.970703125,171.62942504882812,66.14472198486328,0.002492000116035342
2019-09-02,10346.7607421875,178.34735107421875,66.94495391845703,0.002595999976620078
2019-09-03,10623.5400390625,179.49932861328125,69.12925720214844,0.0025949999690055847
2019-09-04,10594.4931640625,175.99288940429688,67.28562927246094,0.002689999993890524
2019-09-05,10575.533203125,174.21713256835938,65.39556884765625,0.0025309999473392963
2019-09-06,10353.302734375,169.9561767578125,65.22820281982422,0.002509000012651086
2019-09-07,10517.2548828125,178.2626190185547,69.03871154785156,0.002515000058338046
2019-09-08,10441.2763671875,181.35552978515625,70.54936981201172,0.002500999951735139
2019-09-09,10334.974609375,181.1494598388672,70.1922378540039,0.0024610001128166914
2019-09-10,10115.9755859375,179.78717041015625,70.82339477539062,0.0024369999300688505
2019-09-11,10178.3720703125,178.72549438476562,69.9221420288086,0.0023990001063793898
2019-09-12,10410.126953125,181.01609802246094,69.2250747680664,0.0024250000715255737
2019-09-13,10360.546875,181.10972595214844,68.98861694335938,0.002426000079140067
2019-09-14,10358.048828125,188.1055145263672,70.56230163574219,0.002440999960526824
2019-09-15,10347.712890625,189.78912353515625,70.31517791748047,0.002460000105202198
2019-09-16,10276.7939453125,197.11317443847656,72.57311248779297,0.002455000067129731
2019-09-17,10241.2724609375,208.60874938964844,74.22122955322266,0.0026080000679939985
2019-09-18,10198.248046875,211.39303588867188,77.96913146972656,0.002718999981880188
2019-09-19,10266.4150390625,221.28085327148438,77.05962371826172,0.0027089999057352543
2019-09-20,10181.6416015625,218.050048828125,75.14909362792969,0.002672000089660287
2019-09-21,10019.716796875,215.51620483398438,73.51652526855469,0.0025859999004751444
2019-09-22,10070.392578125,211.54537963867188,72.61611938476562,0.0025919999461621046
2019-09-23,9729.32421875,201.9213104248047,66.85189056396484,0.002486000070348382
2019-09-24,8620.56640625,168.11073303222656,55.823638916015625,0.0022279999684542418
2019-09-25,8486.9931640625,170.8927001953125,57.65800857543945,0.002196999965235591
2019-09-26,8118.9677734375,166.7271270751953,55.540618896484375,0.0021550001110881567
2019-09-27,8251.845703125,174.71099853515625,56.36084747314453,0.002220999915152788
2019-09-28,8245.9150390625,174.57289123535156,55.682247161865234,0.002234000014141202
2019-09-29,8104.185546875,170.50347900390625,54.31954574584961,0.002222999930381775
2019-09-30,8293.8681640625,179.87220764160156,56.056907653808594,0.0023870000150054693
2019-10-01,8343.2763671875,177.34042358398438,56.058074951171875,0.0023880000226199627
2019-10-02,8393.0419921875,180.71051025390625,56.50892639160156,0.0023509999737143517
2019-10-03,8259.9921875,175.1993408203125,56.54681396484375,0.0023250000085681677
2019-10-04,8205.939453125,176.98500061035156,56.85321044921875,0.002360000042244792
2019-10-05,8151.50048828125,176.3515167236328,56.8438720703125,0.0023219999857246876
2019-10-06,7988.15576171875,173.05914306640625,55.41156768798828,0.002345999935641885
2019-10-07,8245.623046875,181.18634033203125,57.788299560546875,0.0023900000378489494
2019-10-08,8228.783203125,182.0215606689453,57.39858627319336,0.002345999935641885
2019-10-09,8595.740234375,193.2932586669922,59.43086624145508,0.0023880000226199627
2019-10-10,8586.4736328125,191.65966796875,57.776084899902344,0.0023320000618696213
2019-10-11,8321.7568359375,182.56968688964844,56.29697036743164,0.0023449999280273914
2019-10-12,8336.5556640625,180.82664489746094,55.98286819458008,0.0023399998899549246
2019-10-13,8321.005859375,182.0751495361328,56.71399688720703,0.0024470000062137842
2019-10-14,8374.6865234375,186.96090698242188,56.97540283203125,0.0025450000539422035
2019-10-15,8205.369140625,181.40606689453125,54.94420623779297,0.0025100000202655792
2019-10-16,8047.52685546875,176.0135040283203,52.9231071472168,0.002607000060379505
2019-10-17,8103.9111328125,178.02835083007812,54.88447570800781,0.0027550000231713057
2019-10-18,7973.20751953125,173.621337890625,53.49169158935547,0.002706000115722418
2019-10-19,7988.560546875,172.91302490234375,54.03457260131836,0.002742999931797385
2019-10-20,8222.078125,175.5343780517578,54.93437957763672,0.002730000065639615
2019-10-21,8243.720703125,174.92098999023438,54.938297271728516,0.002773999935016036
2019-10-22,8078.203125,172.3008575439453,53.744361877441406,0.0025649999734014273
2019-10-23,7514.671875,162.4027862548828,49.62795639038086,0.0024949999060481787
2019-10-24,7493.48876953125,162.16854858398438,50.067665100097656,0.00253800000064075
2019-10-25,8660.7001953125,181.52320861816406,56.93901062011719,0.0026839999482035637
2019-10-26,9244.97265625,179.83547973632812,56.77525329589844,0.002621999941766262
2019-10-27,9551.71484375,184.24221801757812,59.91399002075195,0.0026539999525994062
2019-10-28,9256.1484375,182.66281127929688,58.12683868408203,0.0026459998916834593
2019-10-29,9427.6875,190.3425750732422,59.869625091552734,0.0026549999602138996
2019-10-30,9205.7265625,184.69216918945312,58.42097091674805,0.002615999896079302
2019-10-31,9199.5849609375,183.9669189453125,58.78068542480469,0.0026149998884648085
2019-11-01,9261.1044921875,183.9698944091797,58.58364486694336,0.002630000002682209
2019-11-02,9324.7177734375,183.92572021484375,58.59702682495117,0.002626999979838729
2019-11-03,9235.3544921875,182.42501831054688,58.62519073486328,0.0026370000559836626
2019-11-04,9412.6123046875,186.35519409179688,61.573055267333984,0.0026140001136809587
2019-11-05,9342.52734375,189.30416870117188,63.302764892578125,0.002623999956995249
2019-11-06,9360.8798828125,191.59384155273438,64.26874542236328,0.0026279999874532223
2019-11-07,9267.5615234375,187.97654724121094,61.843223571777344,0.002725000027567148
2019-11-08,8804.880859375,184.2114715576172,60.5299186706543,0.002652999944984913
2019-11-09,8813.58203125,185.02871704101562,61.9547119140625,0.0027129999361932278
2019-11-10,9055.5263671875,189.47727966308594,63.84146499633789,0.0027749999426305294
2019-11-11,8757.7880859375,185.48963928222656,61.89910888671875,0.0027149999514222145
2019-11-12,8815.662109375,186.84341430664062,61.34029769897461,0.002725000027567148
2019-11-13,8808.2626953125,188.2587432861328,61.11134719848633,0.002698000054806471
2019-11-14,8708.0947265625,185.9996337890625,59.429893493652344,0.00267999991774559
2019-11-15,8491.9921875,180.52117919921875,57.811710357666016,0.0026569999754428864
2019-11-16,8550.7607421875,183.34835815429688,58.56543731689453,0.002669000066816807
2019-11-17,8577.9755859375,185.11923217773438,59.57322692871094,0.002647999906912446
2019-11-18,8309.2861328125,180.55960083007812,56.80094909667969,0.0025760000571608543
2019-11-19,8206.1455078125,177.45555114746094,55.623985290527344,0.0025480000767856836
2019-11-20,8027.26806640625,175.69834899902344,55.290924072265625,0.002555999904870987
2019-11-21,7642.75,161.4627227783203,50.883052825927734,0.002426000079140067
2019-11-22,7296.57763671875,150.26817321777344,47.615535736083984,0.0023620000574737787
2019-11-23,7397.796875,153.41778564453125,48.70648956298828,0.0025049999821931124
2019-11-24,7047.9169921875,142.83470153808594,44.73422622680664,0.002365000080317259
2019-11-25,7146.1337890625,146.47653198242188,45.83033752441406,0.00228599994443357
2019-11-26,7218.37109375,148.96507263183594,47.27334213256836,0.0022909999825060368
2019-11-27,7531.66357421875,153.01055908203125,48.00880432128906,0.002339000115171075
2019-11-28,7463.10595703125,151.7175750732422,47.056949615478516,0.0023129999171942472
2019-11-29,7761.24365234375,155.3041534423828,48.87915802001953,0.0024560000747442245
2019-11-30,7569.6298828125,152.53968811035156,47.47542953491211,0.002319999970495701
2019-12-01,7424.29248046875,151.18572998046875,47.7111701965332,0.00229199999012053
2019-12-02,7321.98828125,149.0591583251953,45.8170166015625,0.0022350000217556953
2019-12-03,7320.1455078125,147.9564208984375,45.3816032409668,0.0022169998846948147
2019-12-04,7252.03466796875,146.74774169921875,45.19295120239258,0.002208000048995018
2019-12-05,7448.3076171875,149.24899291992188,45.301639556884766,0.002222999930381775
2019-12-06,7546.99658203125,149.19444274902344,45.67012023925781,0.002225999953225255
2019-12-07,7556.23779296875,148.76815795898438,45.6404914855957,0.0022299999836832285
2019-12-08,7564.34521484375,151.2647247314453,45.952945709228516,0.0022380000445991755
2019-12-09,7400.8994140625,148.2251739501953,44.93924331665039,0.002208000048995018
2019-12-10,7278.11962890625,146.2670440673828,44.64424133300781,0.0022040000185370445
2019-12-11,7217.42724609375,143.60800170898438,43.94569778442383,0.002185000106692314
2019-12-12,7243.13427734375,145.60400390625,44.08216857910156,0.0021879998967051506
2019-12-13,7269.6845703125,144.9447479248047,44.45058059692383,0.0021750000305473804
2019-12-14,7124.673828125,142.86923217773438,43.72218704223633,0.0021699999924749136
2019-12-15,7152.3017578125,143.114990234375,43.75682830810547,0.0021540001034736633
2019-12-16,6932.48046875,133.61402893066406,40.37425994873047,0.0021210000850260258
2019-12-17,6640.51513671875,122.60388946533203,37.08342742919922,0.0020179999992251396
2019-12-18,7276.802734375,133.09219360351562,40.77854537963867,0.0021830000914633274
2019-12-19,7202.84423828125,129.32113647460938,39.92029571533203,0.0021230001002550125
2019-12-20,7218.81640625,129.06605529785156,40.290157318115234,0.0020749999675899744
2019-12-21,7191.15869140625,128.13095092773438,39.996829986572266,0.0020840000361204147
2019-12-22,7511.5888671875,132.3725128173828,41.96519088745117,0.0021150000393390656
2019-12-23,7355.62841796875,128.6140899658203,40.84747314453125,0.0020729999523609877
2019-12-24,7322.5322265625,129.0638885498047,40.678016662597656,0.0020729999523609877
2019-12-25,7275.15576171875,126.45463562011719,40.62956237792969,0.002088000066578388
2019-12-26,7238.966796875,126.36122131347656,40.26603698730469,0.0020580000709742308
2019-12-27,7290.08837890625,127.21460723876953,41.17817306518555,0.002053000032901764
2019-12-28,7317.990234375,128.3227081298828,42.84252166748047,0.0020639998838305473
2019-12-29,7422.65283203125,134.7579803466797,43.670658111572266,0.002067999914288521
2019-12-30,7292.9951171875,132.63348388671875,42.747337341308594,0.0020540000405162573
2019-12-31,7193.59912109375,129.61085510253906,41.34007263183594,0.0020280000753700733
2020-01-01,7200.17431640625,130.802001953125,42.01771926879883,0.00203300011344254
2020-01-02,6985.47021484375,127.4101791381836,39.82301330566406,0.0020089999306946993
2020-01-03,7344.88427734375,134.1717071533203,42.41557312011719,0.002145000034943223
2020-01-04,7410.65673828125,135.06936645507812,43.32660675048828,0.0022410000674426556
2020-01-05,7411.3173828125,136.2767791748047,43.55320739746094,0.0024190000258386135
2020-01-06,7769.21923828125,144.3041534423828,45.81635284423828,0.0024629998952150345
2020-01-07,8163.6923828125,143.5439910888672,46.424583435058594,0.002432999899610877
2020-01-08,8079.86279296875,141.2581329345703,45.65376663208008,0.0022929999977350235
2020-01-09,7879.0712890625,138.9792022705078,45.2159309387207,0.0022559999488294125
2020-01-10,8166.55419921875,143.96377563476562,48.72732925415039,0.0023560000117868185
2020-01-11,8037.53759765625,142.92710876464844,49.26376724243164,0.0023139999248087406
2020-01-12,8192.494140625,145.87393188476562,51.08073806762695,0.002380999969318509
2020-01-13,8144.1943359375,144.22659301757812,49.733768463134766,0.0023580000270158052
2020-01-14,8827.7646484375,165.95535278320312,58.478233337402344,0.002469999948516488
2020-01-15,8807.0107421875,166.23068237304688,58.05284881591797,0.0023690001107752323
2020-01-16,8723.7861328125,164.39100646972656,57.618255615234375,0.0023449999280273914
2020-01-17,8929.0380859375,170.7799530029297,61.487125396728516,0.0024900001008063555
2020-01-18,8942.80859375,175.3656768798828,59.40864562988281,0.002506999997422099
2020-01-19,8706.2451171875,166.9698486328125,57.80069351196289,0.0024049999192357063
2020-01-20,8657.642578125,167.12051391601562,57.20326232910156,0.0023739999160170555
2020-01-21,8745.89453125,169.69715881347656,57.64788055419922,0.0023759999312460423
2020-01-22,8680.8759765625,168.29415893554688,58.3547248840332,0.002322999993339181
2020-01-23,8406.515625,162.92855834960938,54.6302604675293,0.002268000040203333
2020-01-24,8445.4345703125,163.05117797851562,54.53178787231445,0.00227600010111928
2020-01-25,8367.84765625,161.283935546875,53.69778823852539,0.002256999956443906
2020-01-26,8596.830078125,168.0771026611328,56.21271514892578,0.002305000089108944
2020-01-27,8909.8193359375,170.93089294433594,58.763267517089844,0.002368000103160739
2020-01-28,9358.58984375,176.3703155517578,60.671817779541016,0.0024500000290572643
2020-01-29,9316.6298828125,175.0503387451172,60.07793426513672,0.0023900000378489494
2020-01-30,9508.9931640625,184.6904754638672,68.15906524658203,0.0024399999529123306
2020-01-31,9350.529296875,180.16017150878906,67.8794937133789,0.002394000068306923
2020-02-01,9392.875,183.6739501953125,70.82001495361328,0.0024220000486820936
2020-02-02,9344.365234375,188.61753845214844,70.2315444946289,0.0024679999332875013
2020-02-03,9293.521484375,189.8650665283203,69.78022003173828,0.0024399999529123306
2020-02-04,9180.962890625,189.25059509277344,68.1957778930664,0.0025029999669641256
2020-02-05,9613.423828125,204.23023986816406,72.49310302734375,0.0025820001028478146
2020-02-06,9729.8017578125,212.33908081054688,73.38868713378906,0.002652999944984913
2020-02-07,9795.943359375,222.72605895996094,74.35611724853516,0.002768999896943569
2020-02-08,9865.119140625,223.14651489257812,76.46756744384766,0.0031590000726282597
2020-02-09,10116.673828125,228.5785675048828,77.09258270263672,0.0032319999299943447
2020-02-10,9856.611328125,223.522705078125,74.33509826660156,0.002985999919474125
2020-02-11,10208.236328125,235.8511962890625,76.59739685058594,0.0030410001054406166
2020-02-12,10326.0546875,265.4061279296875,81.29744720458984,0.0030930000357329845
2020-02-13,10214.3798828125,268.0992431640625,80.40342712402344,0.003025999991223216
2020-02-14,10312.1162109375,284.2174987792969,82.99034881591797,0.0031300000846385956
2020-02-15,9889.4248046875,264.72857666015625,76.51324462890625,0.0029200001154094934
2020-02-16,9934.43359375,259.89471435546875,75.152587890625,0.002773999935016036
2020-02-17,9690.142578125,266.3634338378906,73.25130462646484,0.0027119999285787344
2020-02-18,10141.99609375,281.944580078125,77.0351791381836,0.0028389999642968178
2020-02-19,9633.38671875,259.76397705078125,71.13594055175781,0.002623999956995249
2020-02-20,9608.4755859375,257.949462890625,69.62484741210938,0.002658999990671873
2020-02-21,9686.44140625,265.6006164550781,73.45092010498047,0.002647999906912446
2020-02-22,9663.181640625,262.33172607421875,75.1330795288086,0.002601000014692545
2020-02-23,9924.515625,273.754150390625,79.53665161132812,0.00267999991774559
2020-02-24,9650.1748046875,265.2164306640625,75.5356216430664,0.002589999930933118
2020-02-25,9341.705078125,247.81759643554688,71.18024444580078,0.0024759999942034483
2020-02-26,8820.5224609375,225.68026733398438,61.01430892944336,0.002339000115171075
2020-02-27,8784.494140625,226.75338745117188,61.50788497924805,0.0023240000009536743
2020-02-28,8672.455078125,226.760498046875,59.76395797729492,0.00228899996727705
2020-02-29,8599.5087890625,219.8485107421875,58.54326248168945,0.0022350000217556953
2020-03-01,8562.4541015625,218.97059631347656,57.956687927246094,0.0022750000935047865
2020-03-02,8869.669921875,230.5697784423828,60.995548248291016,0.002348999958485365
2020-03-03,8787.7861328125,224.47962951660156,61.14447784423828,0.002498999936506152
2020-03-04,8755.24609375,224.51797485351562,60.38241958618164,0.0023980000987648964
2020-03-05,9078.7626953125,229.2681884765625,62.04545974731445,0.0025059999898076057
2020-03-06,9122.5458984375,243.52529907226562,63.02560043334961,0.002495999913662672
2020-03-07,8909.9541015625,237.85308837890625,60.54631042480469,0.0024049999192357063
2020-03-08,8108.1162109375,200.68905639648438,51.728599548339844,0.0021869998890906572
2020-03-09,7923.64453125,201.986328125,50.168148040771484,0.0022140000946819782
2020-03-10,7909.7294921875,200.76724243164062,50.25638961791992,0.0022070000413805246
2020-03-11,7911.43017578125,194.8685302734375,48.463783264160156,0.0021840000990778208
2020-03-12,4970.7880859375,112.34712219238281,30.930883407592773,0.0015369999455288053
2020-03-13,5563.70703125,133.20181274414062,37.43795394897461,0.0017379999626427889
2020-03-14,5200.3662109375,123.30602264404297,34.39658737182617,0.0016659999964758754
2020-03-15,5392.31494140625,125.21430206298828,36.43709182739258,0.0016850000247359276
2020-03-16,5014.47998046875,110.60587310791016,32.876216888427734,0.0015869999770075083
2020-03-17,5225.62939453125,113.9427490234375,33.56386947631836,0.0015869999770075083
2020-03-18,5238.4384765625,114.84226989746094,33.68417739868164,0.0015660000499337912
2020-03-19,6191.19287109375,136.59385681152344,39.07376480102539,0.0017729999963194132
2020-03-20,6198.7783203125,132.73716735839844,38.131954193115234,0.0017729999963194132
2020-03-21,6185.06640625,132.81871032714844,38.34232711791992,0.0017849999712780118
2020-03-22,5830.2548828125,123.32115173339844,35.628055572509766,0.0017310000257566571
2020-03-23,6416.31494140625,134.91160583496094,38.76576614379883,0.0018050000071525574
2020-03-24,6734.8037109375,138.76144409179688,40.49064636230469,0.001851000008173287
2020-03-25,6681.06298828125,136.19589233398438,39.151222229003906,0.0018339999951422215
2020-03-26,6716.4404296875,138.36155700683594,40.16059875488281,0.0018420000560581684
2020-03-27,6469.79833984375,133.9379425048828,38.91847610473633,0.0018070000223815441
2020-03-28,6242.19384765625,130.9864959716797,38.873756408691406,0.00177800003439188
2020-03-29,5922.04296875,125.58373260498047,37.332542419433594,0.0017229999648407102
2020-03-30,6429.841796875,132.904541015625,39.13829040527344,0.0018309999722987413
2020-03-31,6438.64453125,133.59356689453125,39.299102783203125,0.0018110000528395176
2020-04-01,6606.7763671875,135.63455200195312,39.38081359863281,0.001867000013589859
2020-04-02,6793.62451171875,142.02914428710938,39.874168395996094,0.0018820000113919377
2020-04-03,6733.38720703125,142.09130859375,40.359134674072266,0.0018530000234022737
2020-04-04,6867.52734375,145.21939086914062,40.67555618286133,0.001879999996162951
2020-04-05,6791.12939453125,143.54664611816406,40.67013931274414,0.0018649999983608723
2020-04-06,7271.78125,169.13587951660156,44.39112091064453,0.001979999942705035
2020-04-07,7176.41455078125,165.10194396972656,44.667930603027344,0.0019970000721514225
2020-04-08,7334.0986328125,172.64173889160156,46.31985855102539,0.0020119999535381794
2020-04-09,7302.08935546875,170.80714416503906,46.384979248046875,0.0020210000220686197
2020-04-10,6865.4931640625,158.41244506835938,42.269813537597656,0.0019680000841617584
2020-04-11,6859.0830078125,158.2160186767578,42.31909942626953,0.001990000018849969
2020-04-12,6971.091796875,161.14242553710938,42.450286865234375,0.001990000018849969
2020-04-13,6845.03759765625,156.27955627441406,41.204341888427734,0.001959000015631318
2020-04-14,6842.427734375,157.5963897705078,41.05384063720703,0.001964000053703785
2020-04-15,6642.10986328125,153.28689575195312,39.58906936645508,0.0019399999873712659
2020-04-16,7116.80419921875,172.15737915039062,42.68901824951172,0.0020280000753700733
2020-04-17,7096.1845703125,171.63858032226562,42.74503707885742,0.0020129999611526728
2020-04-18,7257.6650390625,186.91400146484375,44.36289596557617,0.002061000093817711
2020-04-19,7189.4248046875,181.61495971679688,42.63475036621094,0.0020580000709742308
2020-04-20,6881.95849609375,172.2971649169922,40.82838439941406,0.001981999957934022
2020-04-21,6880.3232421875,172.73770141601562,41.04014205932617,0.0019710001070052385
2020-04-22,7117.20751953125,182.59957885742188,41.887413024902344,0.002010999945923686
2020-04-23,7429.724609375,185.02867126464844,42.93721389770508,0.0020469999872148037
2020-04-24,7550.90087890625,189.2369384765625,44.81045150756836,0.002102999947965145
2020-04-25,7569.93603515625,195.5153045654297,44.714908599853516,0.002142000012099743
2020-04-26,7679.8671875,197.31753540039062,44.6890869140625,0.00240899994969368
2020-04-27,7795.60107421875,197.22471618652344,44.71006393432617,0.002355000004172325
2020-04-28,7807.05859375,198.41539001464844,46.02870178222656,0.002339000115171075
2020-04-29,8801.0380859375,216.96823120117188,49.18130111694336,0.002517000073567033
2020-04-30,8658.5537109375,207.60205078125,46.714019775390625,0.0024429999757558107
2020-05-01,8864.7666015625,214.21910095214844,47.79170227050781,0.0024939998984336853
2020-05-02,8988.5966796875,215.32537841796875,49.458045959472656,0.002549000084400177
2020-05-03,8897.46875,210.9331512451172,48.26715850830078,0.0025100000202655792
2020-05-04,8912.654296875,208.17401123046875,47.47349166870117,0.002481000032275915
2020-05-05,9003.0703125,206.77439880371094,46.78725814819336,0.0024840000551193953
2020-05-06,9268.76171875,204.0557861328125,45.942867279052734,0.0025289999321103096
2020-05-07,9951.5185546875,212.28941345214844,47.330116271972656,0.00266400002874434
2020-05-08,9842.666015625,212.9915771484375,47.88221740722656,0.002624999964609742
2020-05-09,9593.896484375,211.60012817382812,47.27418518066406,0.0026130001060664654
2020-05-10,8756.4306640625,188.5995635986328,42.36762619018555,0.0024590000975877047
2020-05-11,8601.7958984375,185.912841796875,41.6999626159668,0.0024129999801516533
2020-05-12,8804.4775390625,189.3125,42.111881256103516,0.0024629998952150345
2020-05-13,9269.9873046875,199.1932830810547,43.134559631347656,0.0025210001040250063
2020-05-14,9733.7216796875,202.9490966796875,43.945335388183594,0.0025740000419318676
2020-05-15,9328.197265625,195.62266540527344,42.833980560302734,0.0025059999898076057
2020-05-16,9377.013671875,200.6771240234375,43.21289825439453,0.0025130000431090593
2020-05-17,9670.7392578125,207.15869140625,43.64083480834961,0.00253800000064075
2020-05-18,9726.5751953125,214.52505493164062,45.201072692871094,0.0025430000387132168
2020-05-19,9729.0380859375,213.45111083984375,45.38361358642578,0.00253800000064075
2020-05-20,9522.9814453125,210.09674072265625,44.17212677001953,0.0025080000050365925
2020-05-21,9081.76171875,199.88360595703125,42.74270248413086,0.0024850000627338886
2020-05-22,9182.5771484375,207.169189453125,44.20758056640625,0.002532999962568283
2020-05-23,9209.287109375,208.69439697265625,44.033119201660156,0.00254400004632771
2020-05-24,8790.3681640625,202.37034606933594,42.44889450073242,0.0024580000899732113
2020-05-25,8906.9345703125,205.3197479248047,42.946128845214844,0.0025400000158697367
2020-05-26,8835.052734375,201.90231323242188,42.43205642700195,0.002486000070348382
2020-05-27,9181.017578125,208.86343383789062,43.86143112182617,0.0025100000202655792
2020-05-28,9525.7509765625,219.84042358398438,44.758697509765625,0.0025239998940378428
2020-05-29,9439.1240234375,220.6751251220703,44.6524658203125,0.0025319999549537897
2020-05-30,9700.4140625,242.34559631347656,47.538631439208984,0.0026149998884648085
2020-05-31,9461.05859375,230.9757080078125,45.59188461303711,0.0025549998972564936
2020-06-01,10167.2685546875,246.99176025390625,48.1252326965332,0.0026469998992979527
2020-06-02,9529.8037109375,237.21905517578125,45.92351531982422,0.002560999942943454
2020-06-03,9656.7177734375,244.1793212890625,47.17289352416992,0.002583000110462308
2020-06-04,9800.63671875,244.4263916015625,47.637596130371094,0.0026310000102967024
2020-06-05,9665.533203125,241.22198486328125,47.05314636230469,0.002595999976620078
2020-06-06,9653.6796875,241.9313201904297,46.731956481933594,0.0025869999080896378
2020-06-07,9758.8525390625,245.16725158691406,46.66800308227539,0.002606000052765012
2020-06-08,9771.4892578125,246.30990600585938,46.47397232055664,0.0025839998852461576
2020-06-09,9795.7001953125,244.9114532470703,46.06941223144531,0.0025690000038594007
2020-06-10,9870.0947265625,247.4449462890625,46.67997741699219,0.0025839998852461576
2020-06-11,9321.78125,231.70266723632812,43.51470947265625,0.002452000044286251
2020-06-12,9480.84375,237.4932098388672,44.82805252075195,0.002520000096410513
2020-06-13,9475.27734375,238.90884399414062,45.09455871582031,0.002532999962568283
2020-06-14,9386.7880859375,234.1147003173828,44.08452606201172,0.0025110000278800726
2020-06-15,9450.7021484375,229.9289093017578,43.9142951965332,0.0024790000170469284
2020-06-16,9538.0244140625,234.41616821289062,43.87725830078125,0.0024870000779628754
2020-06-17,9480.2548828125,233.0282745361328,44.03235626220703,0.0024850000627338886
2020-06-18,9411.8408203125,232.10116577148438,43.56013107299805,0.002471999963745475
2020-06-19,9288.0185546875,227.13829040527344,42.679832458496094,0.0024349999148398638
2020-06-20,9332.3408203125,229.27426147460938,43.3468132019043,0.0024470000062137842
2020-06-21,9303.6298828125,228.9898223876953,43.08744430541992,0.0024470000062137842
2020-06-22,9648.7177734375,242.53318786621094,44.18800354003906,0.0024739999789744616
2020-06-23,9629.658203125,244.14215087890625,44.17927932739258,0.0024840000551193953
2020-06-24,9313.6103515625,235.7724609375,42.84382629394531,0.0024300001095980406
2020-06-25,9264.8134765625,232.94448852539062,42.56352996826172,0.0024170000106096268
2020-06-26,9162.91796875,229.6680450439453,43.32078552246094,0.0023590000346302986
2020-06-27,9045.390625,222.9597930908203,41.55556106567383,0.0023129999171942472
2020-06-28,9143.58203125,225.34716796875,41.408267974853516,0.002326000016182661
2020-06-29,9190.8544921875,228.1948699951172,41.85103225708008,0.0023129999171942472
2020-06-30,9137.9931640625,226.31500244140625,41.46779251098633,0.002319999970495701
2020-07-01,9228.3251953125,231.11341857910156,41.69924545288086,0.0023539999965578318
2020-07-02,9123.41015625,229.39219665527344,41.48573303222656,0.0023610000498592854
2020-07-03,9087.3037109375,225.38706970214844,41.205135345458984,0.0023159999400377274
2020-07-04,9132.48828125,229.07411193847656,42.066532135009766,0.0023089998867362738
2020-07-05,9073.9423828125,227.6645965576172,41.59807586669922,0.0023089998867362738
2020-07-06,9375.474609375,241.51022338867188,43.96349334716797,0.002615999896079302
2020-07-07,9252.27734375,239.07553100585938,43.3182487487793,0.0030900000128895044
2020-07-08,9428.3330078125,246.67001342773438,45.20074462890625,0.004749999847263098
2020-07-09,9277.9677734375,243.01596069335938,44.53745651245117,0.004397000186145306
2020-07-10,9278.8076171875,240.9849853515625,44.246116638183594,0.0035149999894201756
2020-07-11,9240.3466796875,239.4581756591797,44.67707824707031,0.0038109999150037766
2020-07-12,9276.5,242.13169860839844,44.63610076904297,0.0036299999337643385
2020-07-13,9243.6142578125,239.60458374023438,43.919795989990234,0.00317799998447299
2020-07-14,9243.2138671875,240.21148681640625,43.80286407470703,0.0032939999364316463
2020-07-15,9192.8369140625,238.42352294921875,43.278953552246094,0.0030849999748170376
2020-07-16,9132.2275390625,233.64088439941406,42.035438537597656,0.0029949999880045652
2020-07-17,9151.392578125,232.77308654785156,41.91281509399414,0.0030610000248998404
2020-07-18,9159.0400390625,235.4838104248047,42.425865173339844,0.0034729999024420977
2020-07-19,9185.8173828125,238.48751831054688,42.552730560302734,0.003381999908015132
2020-07-20,9164.2314453125,236.15316772460938,41.97581100463867,0.0032389999832957983
2020-07-21,9374.8876953125,245.0167236328125,43.61614990234375,0.0033050000201910734
2020-07-22,9525.36328125,262.1906433105469,44.93611526489258,0.0032850001007318497
2020-07-23,9581.072265625,274.6890563964844,44.85007858276367,0.0032949999440461397
2020-07-24,9536.892578125,279.2154235839844,44.18254089355469,0.003220000071451068
2020-07-25,9677.11328125,304.0567626953125,48.80476760864258,0.0032339999452233315
2020-07-26,9905.1669921875,309.64361572265625,47.97871780395508,0.003234999952837825
2020-07-27,10990.873046875,321.51409912109375,52.95002746582031,0.0031530000269412994
2020-07-28,10912.8232421875,316.6572570800781,55.5752067565918,0.0031969998963177204
2020-07-29,11100.4677734375,318.1908874511719,55.17200469970703,0.003192000091075897
2020-07-30,11111.2138671875,334.5866394042969,56.64311218261719,0.0032309999223798513
2020-07-31,11323.466796875,345.5546569824219,57.998138427734375,0.0032250001095235348
2020-08-01,11759.5927734375,385.19970703125,61.2932243347168,0.00368899991735816
2020-08-02,11053.6142578125,370.6717224121094,56.64144515991211,0.0033360000234097242
2020-08-03,11246.3486328125,386.295166015625,58.468902587890625,0.0033889999613165855
2020-08-04,11205.892578125,389.87548828125,57.53305435180664,0.0035349999088793993
2020-08-05,11747.0224609375,401.590576171875,59.01070785522461,0.003512999974191189
2020-08-06,11779.7734375,394.9619445800781,59.16426467895508,0.0035600000992417336
2020-08-07,11601.47265625,379.5128479003906,57.24553298950195,0.0035329998936504126
2020-08-08,11754.0458984375,393.98736572265625,58.129207611083984,0.0035099999513477087
2020-08-09,11675.7392578125,391.1204528808594,57.13903045654297,0.0034630000591278076
2020-08-10,11878.111328125,395.8875732421875,58.28884506225586,0.0034990001004189253
2020-08-11,11410.525390625,380.3840637207031,54.386844635009766,0.0033939999993890524
2020-08-12,11584.9345703125,391.024169921875,54.96858596801758,0.0034839999862015247
2020-08-13,11784.1376953125,428.7417907714844,57.74131774902344,0.0035170000046491623
2020-08-14,11768.87109375,437.3978271484375,56.75312423706055,0.003561000106856227
2020-08-15,11865.6982421875,433.35491943359375,59.92781066894531,0.0035389999393373728
2020-08-16,11892.8037109375,433.78662109375,63.826541900634766,0.003524000057950616
2020-08-17,12254.40234375,429.53125,67.02803802490234,0.0035910001024603844
2020-08-18,11991.2333984375,423.6693115234375,65.52753448486328,0.003513999981805682
2020-08-19,11758.283203125,406.4637756347656,62.0046272277832,0.00342399999499321
2020-08-20,11878.3720703125,416.4397888183594,62.96675491333008,0.003459000028669834
2020-08-21,11592.4892578125,389.1263427734375,59.37902069091797,0.003392999991774559
2020-08-22,11681.8251953125,395.83514404296875,60.3111572265625,0.003441999899223447
2020-08-23,11664.84765625,391.3844909667969,60.623260498046875,0.003413999918848276
2020-08-24,11774.595703125,408.1441955566406,62.199424743652344,0.0034179999493062496
2020-08-25,11366.134765625,384.00103759765625,58.580665588378906,0.0033050000201910734
2020-08-26,11488.36328125,386.46612548828125,58.35817337036133,0.0033030000049620867
2020-08-27,11323.3974609375,382.63262939453125,56.041015625,0.0032029999420046806
2020-08-28,11542.5,395.8746643066406,57.35440444946289,0.0032679999712854624
2020-08-29,11506.865234375,399.9214782714844,57.29173278808594,0.0032820000778883696
2020-08-30,11711.505859375,428.3957214355469,62.725341796875,0.0032999999821186066
2020-08-31,11680.8203125,435.0797424316406,61.11379623413086,0.0032210000790655613
2020-09-01,11970.478515625,477.0519104003906,62.882789611816406,0.0032560001127421856
2020-09-02,11414.0341796875,440.0404968261719,58.099647521972656,0.0031220000237226486
2020-09-03,10245.296875,385.67193603515625,47.774112701416016,0.0028019999153912067
2020-09-04,10511.8134765625,388.24114990234375,50.611976623535156,0.0028989999555051327
2020-09-05,10169.5673828125,335.26007080078125,47.58933639526367,0.0027580000460147858
2020-09-06,10280.3515625,353.3622741699219,48.05357360839844,0.00278700003400445
2020-09-07,10369.5634765625,352.6734924316406,48.77010726928711,0.002810999983921647
2020-09-08,10131.5166015625,337.60211181640625,47.3838005065918,0.002756000030785799
2020-09-09,10242.34765625,351.1100158691406,47.89769744873047,0.002778999973088503
2020-09-10,10363.138671875,368.1018981933594,48.716854095458984,0.002804999938234687
2020-09-11,10400.9150390625,374.6955871582031,49.089752197265625,0.0028059999458491802
2020-09-12,10442.1708984375,387.18310546875,50.81715393066406,0.002819000044837594
2020-09-13,10323.755859375,365.57000732421875,48.066036224365234,0.0027759999502450228
2020-09-14,10680.837890625,377.26885986328125,49.09012222290039,0.0028029999230057
2020-09-15,10796.951171875,364.8392028808594,48.390098571777344,0.002831999910995364
2020-09-16,10974.9052734375,365.8122863769531,47.933433532714844,0.0028260000981390476
2020-09-17,10948.990234375,389.01922607421875,48.87706756591797,0.002814000006765127
2020-09-18,10944.5859375,384.3645324707031,48.46281433105469,0.0028039999306201935
2020-09-19,11094.3466796875,385.54437255859375,48.67683029174805,0.0027940000873059034
2020-09-20,10938.271484375,371.0528259277344,47.100528717041016,0.0027779999654740095
2020-09-21,10462.259765625,341.78607177734375,43.390220642089844,0.002630000002682209
2020-09-22,10538.4599609375,344.503173828125,44.545047760009766,0.002655999967828393
2020-09-23,10246.1865234375,321.1163024902344,43.05768966674805,0.0025599999353289604
2020-09-24,10760.06640625,349.3555908203125,45.03985595703125,0.0026279999874532223
2020-09-25,10692.716796875,352.1832580566406,46.08631134033203,0.002698000054806471
2020-09-26,10750.7236328125,355.48809814453125,46.18892288208008,0.002715999959036708
2020-09-27,10775.26953125,357.4385070800781,46.09169387817383,0.0026920000091195107
2020-09-28,10709.65234375,355.159423828125,45.35554122924805,0.0026519999373704195
2020-09-29,10844.640625,359.75738525390625,45.79656219482422,0.002684999955818057
2020-09-30,10784.4912109375,359.9378662109375,46.3714599609375,0.002630000002682209
2020-10-01,10619.4521484375,353.2059020996094,46.313507080078125,0.002615999896079302
2020-10-02,10575.974609375,346.2389221191406,44.923973083496094,0.002583000110462308
2020-10-03,10549.3291015625,346.5220947265625,45.58177185058594,0.002598999999463558
2020-10-04,10669.5830078125,352.5790100097656,46.730106353759766,0.002635000040754676
2020-10-05,10793.33984375,353.956787109375,46.36322784423828,0.002612000098451972
2020-10-06,10604.40625,340.81585693359375,45.985530853271484,0.0026110000908374786
2020-10-07,10668.96875,341.80865478515625,46.66048049926758,0.0025949999690055847
2020-10-08,10915.685546875,350.7661437988281,47.218379974365234,0.002595999976620078
2020-10-09,11064.4580078125,365.5904846191406,47.83295440673828,0.002652999944984913
2020-10-10,11296.361328125,370.96759033203125,48.92109680175781,0.0026549999602138996
2020-10-11,11384.181640625,375.1420593261719,50.727901458740234,0.0026740001048892736
2020-10-12,11555.36328125,387.73126220703125,50.74381637573242,0.0026730000972747803
2020-10-13,11425.8994140625,381.1907653808594,49.94063949584961,0.002635000040754676
2020-10-14,11429.5068359375,379.4840393066406,49.84648895263672,0.0026370000559836626
2020-10-15,11495.349609375,377.44183349609375,49.49037170410156,0.002592999953776598
2020-10-16,11322.123046875,366.22900390625,47.692874908447266,0.002612000098451972
2020-10-17,11358.1015625,368.8559265136719,47.05392837524414,0.002581000095233321
2020-10-18,11483.359375,378.21368408203125,47.619544982910156,0.0025859999004751444
2020-10-19,11742.037109375,379.93560791015625,48.098915100097656,0.002589999930933118
2020-10-20,11916.3349609375,369.13690185546875,47.051029205322266,0.002601000014692545
2020-10-21,12823.689453125,392.1899719238281,53.04533004760742,0.002630000002682209
2020-10-22,12965.8916015625,413.7729797363281,54.267276763916016,0.0026549999602138996
2020-10-23,12931.5390625,409.7666931152344,55.23868942260742,0.0026469998992979527
2020-10-24,13108.0625,412.4576110839844,59.09558868408203,0.0026459998916834593
2020-10-25,13031.173828125,406.2177734375,58.674800872802734,0.002652999944984913
2020-10-26,13075.248046875,393.8883056640625,56.74577713012695,0.002678999910131097
2020-10-27,13654.21875,403.9970397949219,57.8160514831543,0.00267699989490211
2020-10-28,13271.28515625,388.6507568359375,55.74251174926758,0.0025949999690055847
2020-10-29,13437.8828125,386.7301025390625,54.76585388183594,0.002581000095233321
2020-10-30,13546.5224609375,382.8199768066406,53.83503341674805,0.002597999991849065
2020-10-31,13780.9951171875,386.59033203125,55.59025955200195,0.0025760000571608543
2020-11-01,13737.109375,396.3581848144531,55.587623596191406,0.0025820001028478146
2020-11-02,13550.4892578125,383.15673828125,53.817481994628906,0.002517000073567033
2020-11-03,13950.30078125,387.6021728515625,53.81962203979492,0.0025279999244958162
2020-11-04,14133.70703125,402.1419982910156,54.49910354614258,0.002532999962568283
2020-11-05,15579.8486328125,414.0673522949219,58.678497314453125,0.002616999903693795
2020-11-06,15565.880859375,454.71929931640625,63.13111114501953,0.0027600000612437725
2020-11-07,14833.75390625,435.713134765625,59.143646240234375,0.0026710000820457935
2020-11-08,15479.5673828125,453.5547790527344,61.05504608154297,0.002710999920964241
2020-11-09,15332.3154296875,444.1630554199219,59.36388397216797,0.0026700000744313
2020-11-10,15290.90234375,449.67962646484375,58.237342834472656,0.002753000007942319
2020-11-11,15701.33984375,462.9605407714844,59.51502990722656,0.002768999896943569
2020-11-12,16276.34375,461.0052795410156,60.365379333496094,0.002778999973088503
2020-11-13,16317.80859375,474.6264343261719,65.45719909667969,0.0028210000600665808
2020-11-14,16068.138671875,460.14984130859375,63.77415084838867,0.0027729999274015427
2020-11-15,15955.587890625,447.55908203125,62.27992248535156,0.0027749999426305294
2020-11-16,16716.111328125,459.9403076171875,71.32624816894531,0.0028860000893473625
2020-11-17,17645.40625,480.3600769042969,75.85234069824219,0.0029360000044107437
2020-11-18,17804.005859375,479.48406982421875,73.69493865966797,0.0029090000316500664
2020-11-19,17817.08984375,471.63043212890625,81.68367004394531,0.002911000046879053
2020-11-20,18621.314453125,509.74456787109375,82.5831527709961,0.002983999904245138
2020-11-21,18642.232421875,549.4866333007812,86.41011810302734,0.0035069999285042286
2020-11-22,18370.001953125,558.068115234375,82.70420837402344,0.0033289999701082706
2020-11-23,18364.12109375,608.4540405273438,89.03931427001953,0.003648000070825219
2020-11-24,19107.46484375,603.8977661132812,89.20537567138672,0.0042039998807013035
2020-11-25,18732.12109375,570.6866455078125,81.880126953125,0.0037269999738782644
2020-11-26,17150.623046875,518.8011474609375,70.86572265625,0.0032500000670552254
2020-11-27,17108.40234375,517.4937133789062,69.12387084960938,0.003275000024586916
2020-11-28,17717.4140625,538.2297973632812,72.69296264648438,0.0034050000831484795
2020-11-29,18177.484375,575.758056640625,79.23506927490234,0.003447999944910407
2020-11-30,19625.8359375,614.842529296875,87.57463073730469,0.0035510000307112932
2020-12-01,18802.998046875,587.3241577148438,85.4357681274414,0.003335000015795231
2020-12-02,19201.091796875,598.3523559570312,88.85651397705078,0.0033740000799298286
2020-12-03,19445.3984375,616.708740234375,89.09896850585938,0.0034280000254511833
2020-12-04,18699.765625,569.3541870117188,80.01707458496094,0.00329799996688962
2020-12-05,19154.23046875,596.595458984375,83.11872863769531,0.0033970000222325325
2020-12-06,19345.12109375,601.9089965820312,83.55533599853516,0.003387999953702092
2020-12-07,19191.630859375,591.8433837890625,83.62406158447266,0.0033420000690966845
2020-12-08,18321.14453125,554.8277587890625,76.7486572265625,0.0031789999920874834
2020-12-09,18553.916015625,573.4791259765625,77.41098022460938,0.0031580000650137663
2020-12-10,18264.9921875,559.6785278320312,74.82955932617188,0.0031049998942762613
2020-12-11,18058.904296875,545.79736328125,72.08733367919922,0.0030789999291300774
2020-12-12,18803.65625,568.5673217773438,76.70689392089844,0.003163000103086233
2020-12-13,19142.3828125,589.6632080078125,82.00064086914062,0.0032560001127421856
2020-12-14,19246.64453125,586.0111694335938,82.3631591796875,0.0032309999223798513
2020-12-15,19417.076171875,589.3555908203125,81.40067291259766,0.0032059999648481607
2020-12-16,21310.59765625,636.1818237304688,92.78968811035156,0.003415999934077263
2020-12-17,22805.162109375,642.8689575195312,100.9595718383789,0.0037299999967217445
2020-12-18,23137.9609375,654.8119506835938,109.38450622558594,0.0038580000400543213
2020-12-19,23869.83203125,659.2979125976562,120.55890655517578,0.003926999866962433
2020-12-20,23477.294921875,638.2908325195312,114.6659927368164,0.004625000059604645
2020-12-21,22803.08203125,609.81787109375,105.0053939819336,0.004786999896168709
2020-12-22,23783.029296875,634.8541870117188,113.68036651611328,0.0045079998672008514
2020-12-23,23241.345703125,583.714599609375,101.81706237792969,0.003768000053241849
2020-12-24,23735.94921875,611.607177734375,111.56539916992188,0.004569999873638153
2020-12-25,24664.791015625,626.4107055664062,126.98359680175781,0.0045819999650120735
2020-12-26,26437.037109375,635.8358154296875,129.45919799804688,0.004494000226259232
2020-12-27,26272.294921875,682.642333984375,127.5169677734375,0.004548000171780586
2020-12-28,27084.80859375,730.3973388671875,130.0503387451172,0.004592000041157007
2020-12-29,27362.4375,731.5201416015625,129.04080200195312,0.004486000165343285
